region_id,pred_week1,pred_week2,pred_week3,pred_week4,pred_week5
R1,0.8402,0.8344,0.8106,0.7647,0.6943
R2,0.5608,0.1942,0.0,0.0,0.0
R3,0.8129,0.7874,0.7287,0.6454,0.6604
R4,1.146,1.2999,1.4573,1.5714,1.6051
R6,1.3966,1.3747,1.3478,1.3073,1.2413
R7,0.6835,0.6314,0.5394,0.405,0.0473
R8,1.4852,1.5313,1.5866,1.6146,1.6173
R9,1.5933,1.6214,1.6182,1.583,1.5505
R11,0.7665,0.866,1.0048,1.1424,1.1529
R13,0.0311,0.1056,0.0246,0.0,0.0
R14,1.1388,1.1567,1.1902,1.2408,1.4043
R15,1.739,1.9485,2.1691,2.3734,2.5143
R16,0.7604,0.7739,0.7606,0.6981,0.7389
R18,0.6988,0.7832,0.8528,0.8967,0.9075
R19,1.4211,1.4588,1.5005,1.5276,1.594
R20,1.266,1.3568,1.4671,1.5462,1.5722
R21,0.8926,1.0595,1.1214,1.0912,1.3155
R23,1.8862,1.9298,1.9347,1.8817,1.753
R24,0.6641,0.7204,0.7732,0.7855,0.7326
R25,1.5623,1.7562,1.9484,2.0769,1.9686
R26,1.5654,1.5008,1.3851,1.2443,1.1395
R27,0.9824,1.1163,1.2118,1.2516,1.1908
R30,0.0,0.0,0.0,0.0,0.0
R31,1.2315,1.2958,1.3462,1.3555,1.3001
R33,0.0,0.0,0.0,0.0,0.0
R34,1.7342,1.9634,2.1764,2.3581,2.5571
R35,0.861,0.9317,0.9935,1.0341,0.9755
R36,0.7946,0.7834,0.7758,0.7568,0.7787
R37,1.4843,1.6507,1.7993,1.8562,1.6586
R41,1.5016,1.518,1.5129,1.4684,1.4206
R42,0.8585,0.8959,0.8912,0.8213,0.915
R43,0.8211,0.8815,0.9379,0.9463,0.9496
R44,2.2182,2.4645,2.7546,3.0318,3.1558
R45,0.691,0.5905,0.4315,0.199,0.0065
R48,1.1382,1.3476,1.5404,1.627,1.5993
R49,0.0,0.0,0.0,0.0,0.0
R50,0.2012,0.1165,0.0,0.0,0.0
R51,1.2511,1.3572,1.4698,1.5426,1.5557
R53,1.1634,1.351,1.467,1.4481,1.4184
R55,1.5611,1.7804,1.9939,2.1875,2.3962
R56,2.1878,2.3918,2.6003,2.795,2.9377
R57,1.0769,1.05,0.9918,0.91,0.7851
R59,0.8884,0.9487,1.0281,1.1328,1.2479
R61,0.9907,1.1111,1.2333,1.3566,1.611
R62,1.4039,1.4175,1.4182,1.396,1.3515
R63,0.6879,0.7864,0.9135,1.0504,1.083
R64,0.7569,0.7652,0.7779,0.7904,0.8147
R65,0.0,0.0,0.0,0.0,0.0
R67,0.0,0.0,0.0,0.0,0.0
R68,2.4163,2.346,2.2605,2.1565,2.0704
R69,2.2784,2.312,2.3211,2.3194,2.3403
R70,2.0054,2.0002,1.9814,1.9472,1.9365
R71,2.3016,2.3005,2.269,2.2272,2.2006
R72,2.3878,2.4292,2.4491,2.458,2.4975
R73,2.3875,2.383,2.3719,2.3583,2.3266
R74,1.531,1.5848,1.6149,1.6493,1.7279
R75,2.6579,2.7046,2.7258,2.738,2.7425
R76,2.1976,2.1556,2.1298,2.1143,2.0939
R77,2.187,2.08,1.9271,1.7325,1.4632
R78,2.2789,2.3198,2.324,2.3133,2.2563
R79,2.3468,2.3423,2.3227,2.2954,2.2782
R80,2.3049,2.3509,2.3622,2.3662,2.4196
R81,1.9358,1.928,1.8961,1.8523,1.7393
R82,1.9452,1.9928,2.006,2.01,2.0318
R86,1.3963,1.377,1.2908,1.0809,0.9328
R90,1.4887,1.3321,1.1218,0.8554,0.5624
R92,1.3686,0.8049,0.3379,0.0486,0.0
R96,1.0823,1.0273,0.9388,0.8159,0.6602
R111,1.2475,1.3195,1.3741,1.384,1.32
R119,1.2747,1.447,1.6145,1.7483,1.8067
R123,1.6437,1.6968,1.7369,1.7361,1.7304
R128,1.2377,1.2627,1.299,1.3195,1.3828
R129,0.0,0.0,0.0,0.0,0.0
R132,0.895,0.9132,0.9216,0.9059,0.8577
R149,1.1696,1.2177,1.2431,1.2192,1.188
R152,1.4684,1.4297,1.3804,1.2847,1.206
R158,2.1821,2.2739,2.3253,2.3369,2.3059
R159,2.3886,2.333,2.2788,2.2322,2.2164
R160,1.8984,1.8865,1.8889,1.9093,2.0058
R161,1.6023,1.5532,1.508,1.4758,1.5029
R162,2.6833,2.7202,2.7734,2.8337,2.9404
R163,1.9384,2.0212,2.1054,2.2041,2.3315
R164,2.3042,2.4245,2.5089,2.5609,2.5887
R165,1.5819,1.5752,1.5805,1.5983,1.646
R166,2.2245,2.2251,2.2235,2.2078,2.1371
R167,2.9726,3.1283,3.2577,3.3648,3.4964
R168,2.2897,2.3745,2.4143,2.4097,2.4088
R169,1.3783,1.3341,1.2769,1.1984,1.083
R170,2.3501,2.3664,2.3499,2.3248,2.38
R171,2.3072,2.3372,2.3795,2.4363,2.5521
R172,2.7152,2.6599,2.6244,2.6085,2.6858
R173,3.0257,3.1204,3.1848,3.2208,3.228
R174,1.9538,1.8934,1.8207,1.7252,1.5568
R175,3.0042,2.953,2.8879,2.8103,2.7027
R176,2.8498,2.8454,2.8203,2.7851,2.7477
R177,2.7522,2.8295,2.8929,2.9309,2.9927
R178,2.0079,2.0263,2.0411,2.0457,1.9874
R179,2.5222,2.5685,2.6289,2.6862,2.6766
R180,1.5383,1.5388,1.556,1.5855,1.6669
R181,3.0218,3.0074,3.0126,3.0195,2.9105
R182,2.4647,2.4739,2.5008,2.5433,2.5821
R183,3.0687,3.0885,3.132,3.1837,3.2313
R185,1.7389,1.7668,1.7998,1.8411,1.9434
R186,2.469,2.4745,2.4974,2.5353,2.5551
R187,3.0603,3.0732,3.0945,3.1206,3.1387
R188,2.2841,2.1919,2.098,2.0023,1.8771
R189,2.4536,2.4605,2.477,2.505,2.4934
R190,2.3327,2.3404,2.3207,2.2885,2.184
R191,2.7435,2.8245,2.9198,3.0287,3.1671
R192,2.9911,2.9927,3.014,3.0413,2.968
R193,2.3694,2.4231,2.4585,2.4801,2.5217
R194,2.4952,2.5202,2.5639,2.6143,2.7054
R195,2.1404,2.1664,2.2031,2.2536,2.3555
R196,2.6728,2.6779,2.7023,2.7372,2.6963
R197,2.8715,2.8957,2.9285,2.9477,2.8644
R198,2.003,2.0597,2.0844,2.0675,1.9949
R199,3.1321,3.1462,3.1554,3.1449,3.0221
R200,1.8876,1.9078,1.9434,1.9897,2.1017
R201,2.1007,2.1525,2.1901,2.1995,2.1882
R202,1.9543,1.949,1.966,1.9953,2.0533
R203,2.4864,2.4912,2.5166,2.5578,2.5984
R204,1.8218,1.779,1.732,1.6692,1.5037
R205,2.5041,2.5705,2.6113,2.622,2.6448
R206,1.7958,1.8217,1.8718,1.9313,2.0068
R207,3.1886,3.2159,3.2162,3.1895,3.1194
R208,2.5806,2.6247,2.6845,2.7299,2.7546
R209,2.1079,2.1172,2.1273,2.1334,2.1301
R210,1.8113,1.8117,1.7995,1.7809,1.8439
R211,2.5855,2.7038,2.8045,2.8798,2.9535
R212,2.8157,2.7876,2.7438,2.6883,2.6634
R213,2.5928,2.4854,2.3505,2.1943,2.0571
R214,2.4896,2.5474,2.6163,2.7009,2.805
R215,2.2103,2.2258,2.2582,2.308,2.4562
R216,0.9528,0.926,0.8953,0.872,0.9541
R217,1.8528,1.7996,1.7358,1.6847,1.6846
R218,1.1443,1.1763,1.1845,1.1762,1.1823
R219,1.5131,1.5285,1.5429,1.5442,1.5221
R220,2.1734,2.0122,1.7982,1.5394,1.244
R221,2.4297,2.2685,1.8995,1.3289,1.0912
R222,0.4489,0.44,0.4296,0.4167,0.3713
R223,1.0476,1.07,1.1021,1.142,1.1618
R224,1.1699,1.2158,1.2713,1.356,1.5735
R225,1.4469,1.1671,0.6331,0.0,0.0
R226,1.0658,1.0989,1.1484,1.2215,1.4018
R227,1.0792,1.0908,1.1005,1.1066,1.0904
R228,1.7688,1.7988,1.7962,1.7683,1.7476
R229,2.8722,2.9214,2.9469,2.9501,2.9847
R230,1.6548,1.6833,1.7037,1.72,1.6914
R231,1.5849,1.5749,1.5634,1.5552,1.6113
R232,0.9607,0.9479,0.9387,0.9384,0.9945
R233,1.7891,1.7631,1.6921,1.5977,1.5148
R234,1.1074,1.0213,0.9203,0.8055,0.6525
R235,1.5358,1.5552,1.5361,1.4774,1.382
R236,1.2529,1.1546,1.0325,0.868,0.675
R237,1.5473,1.5453,1.5158,1.4736,1.4184
R238,1.6216,1.6357,1.6207,1.5967,1.5705
R239,1.6233,1.6034,1.5976,1.6055,1.5728
R240,1.0612,1.065,1.0714,1.0673,1.0739
R241,1.1045,1.1432,1.1559,1.1339,1.1015
R242,1.4223,1.4238,1.392,1.3425,1.3461
R243,1.2526,1.2072,1.141,1.0773,1.0493
R244,1.3665,1.3845,1.3971,1.4062,1.4828
R245,0.7813,0.7413,0.71,0.6871,0.7073
R246,0.94,0.9588,0.9853,1.0203,1.0156
R247,2.648,2.5582,2.4378,2.273,1.9294
R248,1.3658,1.3197,1.2278,1.1653,1.1751
R249,0.8374,0.8332,0.8109,0.7816,0.763
R250,1.5936,1.5938,1.5691,1.5383,1.6406
R251,1.0432,1.0612,1.0656,1.0618,1.0592
R252,2.237,2.1313,1.9583,1.7275,1.3882
R253,1.6252,1.6321,1.6172,1.5998,1.5491
R254,1.3619,1.2473,1.1307,1.005,0.9005
R255,1.4653,1.4306,1.4007,1.3741,1.3253
R256,1.7136,1.6212,1.5321,1.4481,1.4278
R257,1.5398,1.5635,1.5779,1.5881,1.5894
R258,1.5445,1.5541,1.5635,1.5714,1.5814
R259,1.7074,1.661,1.5829,1.4849,1.3395
R260,0.9785,0.978,0.9679,0.9564,0.914
R261,2.9488,3.013,3.0413,3.0407,3.016
R262,1.6388,1.6305,1.6155,1.5946,1.5576
R263,1.3791,1.3107,1.2332,1.1572,1.0203
R264,1.1937,1.1777,1.1558,1.1457,1.1338
R265,1.6313,1.5521,1.4715,1.3893,1.2974
R266,2.161,2.1325,2.0992,2.0726,2.0632
R267,2.1911,2.1767,2.1522,2.1225,2.1065
R268,1.747,1.7348,1.7228,1.71,1.6831
R269,1.9701,1.9464,1.8893,1.8034,1.6982
R270,1.738,1.7788,1.7909,1.7736,1.761
R271,1.784,1.6901,1.5893,1.4808,1.3853
R272,1.5566,1.5615,1.576,1.5878,1.5957
R273,1.6468,1.5465,1.4477,1.3541,1.2305
R274,1.454,1.409,1.3677,1.3425,1.3413
R275,1.4239,1.4041,1.3598,1.2718,1.2132
R276,1.8013,1.8297,1.8388,1.8414,1.8459
R277,1.7901,1.8299,1.8261,1.8104,1.8417
R278,0.5551,0.5609,0.5586,0.5526,0.5554
R279,0.3343,0.3208,0.3005,0.2746,0.2219
R281,1.1402,1.2912,1.4338,1.5577,1.7043
R282,0.6639,0.6841,0.7156,0.7344,0.7397
R283,0.7969,0.8006,0.8029,0.7926,0.7892
R284,0.5833,0.6307,0.7134,0.8209,0.8848
R285,0.6184,0.3946,0.217,0.0757,0.0
R286,0.9891,1.1931,1.365,1.5126,1.7484
R287,0.9892,1.1676,1.3445,1.4988,1.6375
R289,0.425,0.3912,0.3429,0.2798,0.2135
R290,0.062,0.0,0.0,0.0,0.0
R291,0.8383,0.9339,1.0258,1.0937,1.1714
R292,0.3662,0.3636,0.3475,0.3333,0.3263
R293,0.3329,0.0339,0.0,0.0,0.0
R294,0.8916,0.8433,0.716,0.4984,0.2352
R295,1.0396,1.3111,1.5532,1.734,1.8546
R296,0.0,0.0,0.0,0.0,0.0
R297,0.3864,0.3377,0.2707,0.2014,0.1741
R298,0.5266,0.5324,0.5415,0.5342,0.5044
R299,0.3297,0.2997,0.2556,0.2036,0.0447
R300,0.484,0.0,0.0,0.0,0.0
R301,0.1304,0.1282,0.1259,0.1208,0.1197
R302,0.6837,0.4073,0.0771,0.0,0.0
R303,0.3086,0.0,0.0,0.0,0.0
R304,0.6077,0.5144,0.3592,0.1658,0.0
R305,0.6386,0.6302,0.607,0.5776,0.4811
R306,0.4329,0.1674,0.0,0.0,0.0
R307,0.6724,0.5616,0.2986,0.0,0.0
R308,0.7296,0.6679,0.5941,0.5078,0.3595
R309,0.4405,0.0009,0.0,0.0,0.0
R310,0.9017,0.8605,0.7351,0.5412,0.35
R311,0.0,0.0,0.0,0.0,0.0
R312,0.7163,0.7495,0.7667,0.7522,0.7046
R313,0.633,0.5946,0.514,0.3886,0.2485
R314,0.9754,1.0587,1.1291,1.1585,1.1078
R315,0.6294,0.8001,0.931,0.9929,0.9832
R316,0.0,0.0,0.0,0.0,0.0
R317,0.4135,0.2122,0.0,0.0,0.0
R318,0.7364,0.8061,0.8614,0.8865,0.8607
R319,0.627,0.7372,0.8281,0.8831,0.9174
R320,0.7187,0.7203,0.7117,0.6737,0.6117
R321,0.571,0.1141,0.0,0.0,0.0
R322,0.9785,1.1138,1.2541,1.3688,1.4272
R323,0.7152,0.371,0.0,0.0,0.0
R324,0.5484,0.2898,0.0632,0.0,0.0
R325,0.3081,0.0,0.0,0.0,0.0
R326,0.5043,0.5177,0.5063,0.4633,0.3638
R327,0.6212,0.6168,0.6167,0.6003,0.5854
R328,0.0627,0.0,0.0,0.0,0.0
R329,0.6397,0.656,0.6593,0.6484,0.6025
R330,0.7946,0.7796,0.7436,0.683,0.5939
R331,0.5943,0.0166,0.0,0.0,0.0
R332,0.0,0.0,0.0,0.0,0.0
R333,0.3598,0.0,0.0,0.0,0.0
R334,0.6878,0.6189,0.5025,0.3383,0.1199
R335,0.5284,0.3335,0.0437,0.0,0.0
R336,0.828,0.7307,0.5957,0.4583,0.2222
R337,0.8574,0.7822,0.5863,0.3029,0.0618
R338,0.0,0.0,0.0,0.0,0.0
R339,0.4752,0.135,0.0,0.0,0.0
R340,0.4553,0.0,0.0,0.0,0.0
R341,0.4707,0.1884,0.0,0.0,0.0
R342,0.0,0.0,0.0,0.0,0.0
R343,0.4507,0.0541,0.0,0.0,0.0
R344,0.4785,0.2425,0.0,0.0,0.0
R345,1.018,1.1509,1.2756,1.3599,1.4235
R346,0.7655,0.7452,0.6965,0.6209,0.4587
R347,0.4436,0.0,0.0,0.0,0.0
R348,0.0,0.0,0.0,0.0,0.0
R349,0.6645,0.6404,0.6021,0.566,0.5468
R350,0.0,0.0,0.0,0.0,0.0
R351,0.3475,0.2028,0.0,0.0,0.0
R352,0.7795,0.8601,0.9054,0.9292,0.9088
R353,0.3206,0.2584,0.159,0.0431,0.0
R354,0.9999,1.2622,1.5112,1.7088,1.8574
R355,0.1059,0.0,0.0,0.0,0.0
R356,0.8325,0.8943,0.9823,1.0554,1.1017
R357,0.3563,0.1495,0.0,0.0,0.0
R358,0.9025,0.6428,0.0943,0.0,0.0
R359,0.996,0.9681,0.823,0.5763,0.3524
R360,1.0798,1.0332,0.9721,0.8924,0.7612
R361,1.2237,1.3378,1.3497,1.2793,1.1663
R362,1.4352,1.4676,1.4737,1.4401,1.2778
R363,1.8794,1.9635,2.0427,2.0905,2.083
R364,1.8854,2.0601,2.1937,2.218,2.1558
R365,1.4521,1.5205,1.5905,1.6217,1.6023
R366,1.3561,1.5241,1.6908,1.8561,2.1656
R367,1.1172,1.0096,0.7786,0.509,0.1729
R368,1.1634,1.1315,1.0715,0.9751,0.8591
R369,2.2099,2.2877,2.3641,2.4243,2.4638
R370,1.4234,1.3039,1.1391,0.9312,0.6149
R371,1.4846,1.8624,2.1015,2.2238,2.3355
R372,1.2499,1.1562,1.0629,0.9606,0.8359
R373,1.0939,1.1539,1.232,1.2789,1.2905
R374,0.7871,0.5802,0.2157,0.0,0.0
R375,1.2453,1.2853,1.3474,1.3996,1.4442
R376,1.4492,1.4571,1.4594,1.4504,1.434
R377,2.0794,2.2213,2.3808,2.4899,2.4999
R378,0.8131,0.8183,0.8134,0.7937,0.7327
R379,1.0792,1.1206,1.0562,0.9211,0.7916
R380,1.3888,1.5227,1.6879,1.834,1.8936
R381,1.0241,1.1768,1.3737,1.5521,1.5326
R382,0.911,0.8692,0.7876,0.6727,0.4853
R383,0.7469,0.6432,0.49,0.314,0.1579
R384,1.2446,1.2795,1.3083,1.3182,1.3236
R385,1.6857,1.843,1.9689,2.0039,1.9643
R386,0.729,0.6481,0.5266,0.3676,0.1909
R387,0.5156,0.3707,0.1701,0.0,0.0
R388,1.5391,1.556,1.5933,1.6539,1.7382
R389,1.2096,1.1579,1.0812,0.9841,0.8863
R390,0.8071,0.9488,1.119,1.249,1.1647
R391,1.5173,1.5971,1.6939,1.7645,1.7843
R392,1.2286,1.1969,1.1454,1.0692,0.951
R393,1.4342,1.3778,1.3123,1.2194,1.1223
R394,1.3145,1.3437,1.3562,1.3443,1.2822
R395,1.3675,1.4383,1.5161,1.576,1.5125
R396,1.2722,1.2492,1.2171,1.1701,1.1106
R397,1.9371,2.0468,2.1702,2.2819,2.3336
R398,1.3711,1.3604,1.3094,1.205,1.0411
R399,1.2068,1.1379,1.0153,0.8807,0.6256
R400,0.7085,0.6517,0.563,0.4494,0.2905
R401,1.2037,1.3852,1.5611,1.6903,1.6949
R402,1.7583,2.0746,2.382,2.6433,2.7896
R403,1.7051,1.7407,1.7814,1.8062,1.786
R404,1.4607,1.4017,1.2975,1.1305,1.029
R405,1.3836,1.3037,1.2257,1.1258,1.0521
R406,0.9371,0.9301,0.9027,0.8533,0.7915
R407,1.3065,1.2186,1.1314,1.0236,0.9384
R408,1.3674,1.3619,1.2975,1.1701,1.0123
R409,1.1863,1.096,0.9495,0.7455,0.5986
R410,1.6877,1.8116,1.9439,2.0451,2.0796
R411,0.891,0.3391,0.0,0.0,0.0
R412,1.3083,1.6003,1.8483,2.0372,2.0615
R413,0.9471,0.8236,0.669,0.4687,0.297
R414,1.7969,1.943,2.0787,2.1996,2.3203
R415,1.4245,1.4123,1.3354,1.1731,1.0184
R416,0.9508,0.8969,0.8282,0.7225,0.6231
R417,1.0902,1.0662,1.0537,1.0289,1.0246
R418,1.7294,1.8755,2.0058,2.1091,2.2132
R419,1.1691,1.0195,0.8772,0.6859,0.4185
R420,1.075,1.0693,1.0458,1.0103,0.9065
R421,1.1809,1.1044,0.889,0.5526,0.169
R422,1.2759,1.306,1.3223,1.2792,1.2063
R423,1.3593,1.4568,1.5588,1.6262,1.67
R424,1.8238,1.8236,1.7912,1.7386,1.6908
R425,0.847,0.7417,0.5886,0.3785,0.178
R426,0.8451,0.7498,0.5595,0.2515,0.0
R427,0.858,0.7991,0.7337,0.666,0.6215
R428,1.8785,1.9492,1.9794,1.9851,2.0009
R429,1.2538,1.2137,1.1549,1.0629,0.9385
R430,1.7375,1.8436,1.9557,2.0605,2.1507
R431,1.3497,1.2893,1.2181,1.1208,1.0333
R432,1.706,1.8015,1.9039,1.9661,1.9657
R433,2.1388,2.3794,2.6383,2.8727,2.9916
R434,2.5566,2.8559,3.1637,3.4302,3.5932
R435,1.7247,2.0601,2.3726,2.6511,2.9437
R436,1.2427,1.2561,1.2803,1.2775,1.2827
R437,1.6437,1.6417,1.6029,1.5448,1.4267
R438,1.1017,0.8811,0.6204,0.4701,0.2635
R439,1.699,1.7894,1.8721,1.9147,1.9179
R440,1.0316,0.7498,0.3038,0.0,0.0
R441,1.8381,1.9032,1.971,2.0119,2.0279
R442,2.3646,2.5874,2.8144,3.0311,3.209
R443,1.2218,1.0836,0.8191,0.4463,0.0
R444,1.1095,1.0445,0.9404,0.8272,0.7021
R445,1.6328,1.6233,1.5842,1.5119,1.4492
R446,1.1692,1.0486,0.8146,0.4741,0.012
R447,0.0,0.0,0.0,0.0,0.0
R448,1.1555,1.0804,0.9736,0.8352,0.6016
R449,0.0686,0.0,0.0,0.0,0.0
R450,0.751,0.6499,0.4867,0.2434,0.1118
R451,1.2218,1.2011,1.1693,1.0949,1.029
R452,1.272,1.2204,1.1644,1.0962,1.063
R453,0.1493,0.0,0.0,0.0,0.0
R454,1.4639,1.4218,1.3778,1.3452,1.2946
R455,1.4018,1.3144,1.1978,1.0378,0.8984
R456,1.0775,0.994,0.8575,0.7103,0.5339
R457,2.0868,2.3063,2.5353,2.7571,2.9365
R458,1.3697,1.2376,0.9583,0.5535,0.0514
R459,1.7669,1.8321,1.9261,2.0488,2.1898
R460,0.8637,0.8631,0.8352,0.8339,0.7879
R461,0.9384,0.6606,0.2986,0.0,0.0
R462,1.5853,1.6742,1.7422,1.7759,1.7426
R463,1.2836,1.1254,0.9434,0.7347,0.582
R464,1.1825,1.3888,1.5928,1.8039,2.0591
R465,1.9984,2.2593,2.533,2.7888,2.9776
R466,1.913,2.0861,2.2471,2.3353,2.3106
R467,1.7997,1.9138,2.0378,2.1264,2.1413
R468,1.7577,1.7631,1.7502,1.6957,1.6561
R469,1.6196,1.591,1.566,1.5507,1.5559
R470,0.9929,1.0496,1.147,1.2346,1.1603
R471,0.8339,0.8758,0.929,0.9842,1.0411
R472,1.2897,1.2832,1.2624,1.2252,1.1943
R473,1.5292,1.5184,1.4971,1.4393,1.3584
R474,1.2703,1.3712,1.4917,1.6429,1.8192
R475,1.6613,1.6456,1.6256,1.5947,1.5618
R476,1.8013,1.8245,1.8624,1.8742,1.8556
R477,1.3677,1.363,1.3125,1.1826,1.0526
R478,1.3471,1.3823,1.4202,1.4696,1.4967
R479,1.3908,1.4269,1.472,1.4776,1.4386
R480,1.1108,1.1724,1.2461,1.3043,1.3318
R481,1.7006,1.6879,1.6694,1.6131,1.5652
R482,1.0061,0.7488,0.294,0.0,0.0
R483,1.133,1.1146,1.0927,1.0466,0.9629
R484,2.2688,2.531,2.7881,3.0119,3.1712
R485,1.1211,1.0693,1.0306,0.973,0.9817
R486,1.4908,1.6186,1.7652,1.9252,2.1336
R487,1.646,1.8921,2.1355,2.3402,2.4593
R488,1.4516,1.4893,1.5327,1.5444,1.5216
R489,1.7286,1.8743,2.0264,2.1926,2.411
R490,0.5091,0.0468,0.0,0.0,0.0
R491,1.2892,1.2803,1.2539,1.2107,1.1532
R492,1.358,1.1693,0.8598,0.5588,0.2608
R493,1.4581,1.4239,1.3571,1.2421,1.1182
R494,0.4838,0.3718,0.2176,0.0577,0.0
R495,1.0657,1.008,0.8639,0.7363,0.5628
R496,0.5777,0.3891,0.138,0.0,0.0
R497,0.804,0.6923,0.5546,0.3798,0.1953
R498,0.9676,0.9344,0.781,0.5369,0.3282
R499,1.6018,1.6184,1.6176,1.596,1.5611
R500,1.2045,1.0809,0.9063,0.688,0.5369
R501,1.6086,1.5998,1.5972,1.6085,1.6268
R502,0.7496,0.4882,0.0534,0.0,0.0
R503,1.278,1.3046,1.3317,1.3345,1.3183
R505,1.1271,1.1394,1.0704,0.9284,0.7241
R506,0.9045,0.8232,0.6906,0.5191,0.314
R507,1.4914,1.544,1.6049,1.6443,1.6402
R508,1.6449,1.5984,1.549,1.4733,1.3644
R509,1.459,1.7809,1.9697,2.0467,2.1331
R510,1.7483,1.9092,2.0641,2.1995,2.2804
R511,1.3008,1.0142,0.5907,0.1329,0.0
R512,0.9389,0.8328,0.6679,0.3965,0.1355
R514,1.0301,1.0735,1.1038,1.1021,1.0346
R515,1.2936,1.3731,1.4534,1.5306,1.5514
R516,2.2375,2.3722,2.5376,2.7104,2.8413
R517,1.2556,1.2382,1.2067,1.1672,1.0984
R518,1.1338,1.0822,1.0401,1.0126,1.0539
R519,1.4254,1.4742,1.5257,1.5738,1.6135
R520,0.9975,0.9501,0.9054,0.8625,0.8585
R521,0.8694,0.8644,0.8453,0.8035,0.7383
R522,0.8136,0.7944,0.7659,0.7185,0.6694
R524,1.0082,1.0196,1.0276,1.0315,1.0452
R525,1.179,1.2354,1.3094,1.3996,1.602
R526,1.3182,1.3211,1.3569,1.4318,1.5412
R528,0.9503,0.9517,0.9616,0.9694,0.9647
R529,1.0847,1.1455,1.2298,1.3389,1.4662
R530,1.0507,1.0861,1.1219,1.1592,1.2058
R531,1.3778,1.3678,1.3563,1.335,1.3082
R532,0.6998,0.5777,0.3926,0.208,0.0
R533,1.2297,1.2506,1.2621,1.2712,1.3142
R534,1.2769,1.2525,1.2284,1.206,1.2168
R536,1.1485,1.1414,1.1298,1.1153,1.068
R537,0.9566,0.9685,0.9835,1.0061,1.036
R538,1.0795,1.0578,1.015,0.9242,0.7779
R540,1.1125,1.1535,1.2036,1.2591,1.3277
R541,1.4572,1.4436,1.4149,1.3676,1.2607
R542,0.6189,0.6098,0.5825,0.5521,0.5145
R544,1.5073,1.5091,1.4817,1.4328,1.3476
R545,0.9527,0.923,0.9163,0.9093,0.8096
R546,0.485,0.3766,0.2186,0.0332,0.0
R547,0.7279,0.7191,0.7047,0.6979,0.7271
R548,0.8387,0.8254,0.8105,0.7929,0.7429
R549,1.3044,1.321,1.3412,1.3722,1.4081
R551,1.4069,1.3992,1.3752,1.3411,1.3623
R552,0.868,0.8455,0.8217,0.7966,0.783
R553,1.1979,1.1488,1.1025,1.0656,1.0805
R554,1.5965,1.6207,1.6248,1.618,1.6394
R555,1.4855,1.4522,1.4065,1.3538,1.3194
R556,1.2679,1.2297,1.1951,1.17,1.1997
R557,1.2688,1.331,1.405,1.491,1.6663
R559,1.1633,1.2346,1.2931,1.3413,1.4125
R560,0.6696,0.6443,0.5613,0.4474,0.2812
R561,1.2113,1.2025,1.1982,1.1961,1.1592
R562,0.8406,0.8304,0.7794,0.6947,0.5203
R564,0.3243,0.0,0.0,0.0,0.0
R566,0.6768,0.6627,0.6281,0.5636,0.4925
R570,0.8677,0.6448,0.2475,0.0,0.0
R571,0.0,0.0,0.0,0.0,0.0
R572,0.6273,0.7266,0.8524,0.9608,0.9272
R573,0.0,0.0,0.0,0.0,0.0
R576,0.245,0.0763,0.0,0.0,0.0
R577,0.0,0.0,0.0,0.0,0.0
R578,0.1564,0.0,0.0,0.0,0.0
R579,0.0917,0.0375,0.0,0.0,0.0
R581,0.6683,0.5855,0.4581,0.3113,0.2067
R582,0.0,0.0,0.0,0.0,0.0
R583,0.0,0.0,0.0,0.0,0.0
R584,0.3156,0.2813,0.1615,0.0,0.0
R586,0.2875,0.0,0.0,0.0,0.0
R587,0.0,0.0,0.0,0.0,0.0
R588,0.2539,0.1596,0.029,0.0,0.0
R590,0.5007,0.4899,0.4436,0.358,0.2786
R593,0.0,0.0,0.0,0.0,0.0
R595,0.5904,0.5449,0.4899,0.413,0.2819
R597,0.8315,0.7589,0.6602,0.5146,0.2868
R598,0.5769,0.5825,0.5763,0.5346,0.4154
R599,0.0,0.0,0.0,0.0,0.0
R601,0.0,0.0,0.0,0.0,0.0
R606,0.3708,0.2646,0.0637,0.0,0.0
R607,0.0,0.0,0.0,0.0,0.0
R608,0.045,0.1065,0.0648,0.0,0.0
R609,0.4775,0.4092,0.3291,0.2091,0.0
R612,0.3444,0.6031,0.7728,0.8053,0.8523
R614,0.0,0.0,0.0,0.0,0.0
R615,0.5811,0.6006,0.5905,0.5228,0.5529
R618,0.5144,0.5483,0.4921,0.3382,0.381
R619,0.5527,0.458,0.2814,0.0334,0.0
R620,0.0,0.0,0.0,0.0,0.0
R621,0.341,0.0,0.0,0.0,0.0
R623,0.6205,0.639,0.5967,0.4531,0.5205
R624,0.5557,0.5575,0.5546,0.5284,0.4377
R626,0.8196,0.7899,0.7512,0.6968,0.6328
R627,0.6367,0.5482,0.3912,0.1859,0.0
R629,0.0,0.0,0.0,0.0,0.0
R630,1.0452,1.0541,1.0149,0.9166,0.8241
R631,0.0962,0.0,0.0,0.0,0.0
R633,0.5593,0.6236,0.6636,0.6555,0.7454
R635,0.6872,0.6184,0.5182,0.3854,0.2574
R638,0.7976,0.9556,1.1118,1.198,1.2247
R642,0.7686,0.7545,0.7373,0.6887,0.5104
R645,0.5067,0.1003,0.0,0.0,0.0
R646,0.5674,0.5383,0.4715,0.3566,0.198
R647,0.5369,0.4296,0.2672,0.0195,0.0
R648,0.7719,0.5484,0.0657,0.0,0.0
R649,0.0,0.0,0.0,0.0,0.0
R651,0.7517,0.7544,0.741,0.6977,0.5537
R653,0.0,0.0,0.0,0.0,0.0
R655,0.5197,0.503,0.4752,0.4188,0.2346
R659,0.6893,0.4981,0.2439,0.0,0.0
R660,0.2975,0.3407,0.3169,0.2386,0.2623
R663,0.6533,0.6629,0.6279,0.5323,0.6254
R664,0.0,0.0,0.0,0.0,0.0
R665,0.3021,0.0774,0.0,0.0,0.0
R666,0.4857,0.6079,0.7166,0.7644,0.7894
R667,0.0,0.0,0.0,0.0,0.0
R668,0.0,0.0,0.0,0.0,0.0
R669,0.0,0.0,0.0,0.0,0.0
R670,0.8014,0.9943,1.193,1.341,1.4124
R671,0.5488,0.6176,0.5957,0.4736,0.4484
R672,0.2683,0.1723,0.0604,0.0,0.0
R673,0.1544,0.0562,0.0,0.0,0.0
R674,0.3741,0.0,0.0,0.0,0.0
R675,0.0,0.0,0.0,0.0,0.0
R676,0.6375,0.7368,0.8071,0.7959,0.7884
R677,0.0,0.0,0.0,0.0,0.0
R678,0.0,0.0,0.0,0.0,0.0
R679,0.6075,0.7476,0.8727,0.9356,0.9943
R680,0.169,0.0,0.0,0.0,0.0
R681,0.0,0.0,0.0,0.0,0.0
R683,0.5444,0.562,0.4687,0.2782,0.4121
R684,0.0,0.0,0.0,0.0,0.0
R685,0.5355,0.7078,0.8869,1.0085,0.9079
R686,0.0195,0.0,0.0,0.0,0.0
R687,0.7117,0.8617,0.9657,0.9775,0.9873
R688,0.5266,0.6089,0.6876,0.7259,0.6047
R690,0.5506,0.6043,0.5825,0.5032,0.5946
R691,0.0,0.0,0.0,0.0,0.0
R692,0.6998,0.7794,0.7693,0.6575,0.6508
R694,0.5847,0.6959,0.7786,0.7804,0.8017
R697,0.2556,0.2259,0.1691,0.0589,0.0
R698,0.4821,0.3026,0.0626,0.0,0.0
R699,0.9063,1.1299,1.3411,1.4741,1.5548
R700,0.0,0.0,0.0,0.0,0.0
R701,0.0,0.0,0.0,0.0,0.0
R702,0.5453,0.6916,0.7625,0.7541,0.7771
R703,0.5832,0.7384,0.8762,0.9378,0.9846
R704,0.3232,0.0,0.0,0.0,0.0
R705,0.0,0.0,0.0,0.0,0.0
R706,0.0,0.0,0.0,0.0,0.0
R707,0.0893,0.0,0.0,0.0,0.0
R708,0.3606,0.3927,0.3623,0.2834,0.2558
R709,0.0,0.0,0.0,0.0,0.0
R710,0.9679,1.2999,1.5029,1.5623,1.5892
R711,0.0,0.0,0.0,0.0,0.0
R713,0.5114,0.5873,0.6516,0.6659,0.4804
R714,0.4704,0.321,0.097,0.0,0.0
R715,0.3482,0.3488,0.3009,0.1893,0.0
R716,0.4026,0.0,0.0,0.0,0.0
R717,0.5927,0.7297,0.875,0.9759,0.8723
R718,0.3659,0.1551,0.0,0.0,0.0
R719,0.0,0.0,0.0,0.0,0.0
R720,0.1965,0.0,0.0,0.0,0.0
R721,0.4345,0.545,0.6389,0.6617,0.679
R722,0.6986,0.8764,0.998,1.0297,1.0903
R723,0.0,0.0,0.0,0.0,0.0
R724,0.0,0.0,0.0,0.0,0.0
R725,0.7267,0.9671,1.1598,1.2416,1.3181
R727,0.0,0.0,0.0,0.0,0.0
R729,0.179,0.0656,0.0,0.0,0.0
R730,0.0,0.0,0.0,0.0,0.0
R731,0.0,0.0,0.0,0.0,0.0
R732,0.5644,0.6331,0.6683,0.6348,0.6369
R733,0.0,0.0,0.0,0.0,0.0
R734,0.0,0.0,0.0,0.0,0.0
R735,0.5446,0.49,0.3481,0.1218,0.0
R736,0.3079,0.0,0.0,0.0,0.0
R738,0.3585,0.3542,0.2438,0.0375,0.0
R739,0.0,0.0,0.0,0.0,0.0
R740,0.0,0.0,0.0,0.0,0.0
R741,0.273,0.4631,0.5086,0.3841,0.3604
R742,0.0,0.0,0.0,0.0,0.0
R743,0.3238,0.0,0.0,0.0,0.0
R744,0.0,0.0,0.0,0.0,0.0
R746,0.6508,0.6016,0.4398,0.1878,0.0274
R747,0.0,0.0,0.0,0.0,0.0
R748,0.3737,0.3854,0.3363,0.2256,0.0
R749,0.0,0.0,0.0,0.0,0.0
R751,0.909,1.1407,1.3471,1.4816,1.3822
R752,0.2353,0.0,0.0,0.0,0.0
R753,0.4241,0.4209,0.381,0.2891,0.0
R754,0.5337,0.6037,0.6325,0.6216,0.6639
R755,0.0,0.0,0.0,0.0,0.0
R756,0.4417,0.0407,0.0,0.0,0.0
R757,0.66,0.4484,0.0635,0.0,0.0
R758,0.0,0.0,0.0,0.0,0.0
R759,1.1717,1.1841,1.1507,1.0438,0.984
R760,1.3107,0.9593,0.4511,0.044,0.0
R761,0.5275,0.0,0.0,0.0,0.0
R762,0.2939,0.0,0.0,0.0,0.0
R763,0.7836,0.6078,0.3275,0.1035,0.0
R764,0.0,0.0,0.0,0.0,0.0
R766,0.9986,0.9805,0.9377,0.8745,0.7423
R767,0.2235,0.0,0.0,0.0,0.0
R768,1.2493,1.2501,1.2073,1.109,1.0497
R769,0.7285,0.5961,0.4469,0.2636,0.0601
R770,1.4675,1.2134,0.9085,0.6676,0.6159
R771,0.8145,0.681,0.5057,0.256,0.0
R772,0.7214,0.3871,0.0,0.0,0.0
R773,1.0926,0.9812,0.8577,0.7083,0.4891
R774,0.0,0.0,0.0,0.0,0.0
R775,0.7889,0.7305,0.6314,0.456,0.3262
R776,1.3013,1.2579,1.1887,1.1139,1.1083
R778,0.9237,1.0633,1.1935,1.2696,1.1784
R779,0.9471,0.9426,0.9172,0.8842,0.8871
R780,1.7428,1.6991,1.6183,1.4995,1.1894
R782,0.6648,0.6554,0.6115,0.5326,0.4556
R784,0.9366,0.8927,0.832,0.7229,0.5117
R785,0.8017,0.6711,0.3941,0.0,0.0
R787,0.8979,0.7843,0.6348,0.4211,0.1363
R788,0.0,0.0,0.0,0.0,0.0
R789,0.0,0.0,0.0,0.0,0.0
R790,1.8479,1.3132,0.5336,0.0,0.0
R791,0.7674,0.7115,0.6272,0.5293,0.5029
R792,0.7666,0.6569,0.494,0.2712,0.0765
R793,0.7263,0.6615,0.5418,0.3809,0.2939
R794,0.8586,0.8558,0.8275,0.7869,0.7695
R795,0.8299,0.624,0.2431,0.0,0.0
R796,0.9378,0.648,0.0,0.0,0.0
R797,0.7113,0.4812,0.0669,0.0,0.0
R798,0.8728,0.7745,0.5851,0.3639,0.1912
R799,0.8534,0.7717,0.6784,0.553,0.3955
R800,0.0,0.0,0.0,0.0,0.0
R801,0.708,0.5595,0.3096,0.0,0.0
R802,0.7921,0.5396,0.0735,0.0,0.0
R803,0.7185,0.6878,0.581,0.3887,0.3409
R804,0.0,0.0,0.0,0.0,0.0
R805,0.7527,0.6703,0.5472,0.3534,0.1429
R806,1.0892,1.1307,1.135,1.0997,1.0361
R807,1.2685,1.2666,1.2058,1.0834,1.0291
R808,0.1969,0.0,0.0,0.0,0.0
R809,0.8467,0.7435,0.6162,0.4322,0.1728
R810,1.5728,1.3854,1.0453,0.6959,0.4294
R812,0.2139,0.0483,0.0,0.0,0.0
R813,0.9633,0.9545,0.953,0.9454,0.871
R814,0.8273,0.7329,0.6279,0.4913,0.3196
R815,1.2259,1.1535,1.0355,0.8646,0.5527
R816,1.0213,0.8312,0.5966,0.3298,0.0373
R817,0.9884,0.9596,0.8744,0.7317,0.6145
R818,1.1231,1.1189,1.0806,1.0103,0.9452
R819,0.9611,0.8058,0.5351,0.1679,0.0
R820,0.7213,0.345,0.0,0.0,0.0
R821,0.58,0.4023,0.1361,0.0,0.0
R822,0.9711,0.9197,0.8418,0.7509,0.7173
R823,0.7839,0.7043,0.5973,0.4368,0.1726
R824,0.5125,0.0,0.0,0.0,0.0
R825,0.6038,0.3761,0.1196,0.0,0.0
R826,1.0301,0.9279,0.8137,0.6866,0.6237
R827,0.8504,0.7376,0.6109,0.4586,0.2776
R828,0.5999,0.5008,0.3703,0.2049,0.0
R829,0.8967,0.8254,0.7164,0.6029,0.4332
R830,0.9225,0.7518,0.4867,0.1137,0.0
R831,1.2445,1.2218,1.1764,1.12,1.0739
R832,0.8324,0.5663,0.2323,0.0,0.0
R833,0.7087,0.5347,0.286,0.0212,0.0
R834,0.8359,0.7416,0.6228,0.4623,0.3114
R835,0.1824,0.0,0.0,0.0,0.0
R836,1.161,1.1691,1.1626,1.1541,1.0829
R837,0.8608,0.7584,0.5784,0.349,0.0
R838,0.6459,0.1559,0.0,0.0,0.0
R839,1.1041,1.0579,0.9858,0.8976,0.742
R840,0.8323,0.5987,0.1939,0.0,0.0
R841,0.6901,0.5512,0.3524,0.0984,0.0
R842,0.5384,0.4481,0.2831,0.0385,0.0
R843,0.8362,0.8846,0.9261,0.9422,0.8484
R845,1.2124,1.241,1.2347,1.1965,1.1553
R846,1.1846,1.1952,1.1737,1.1256,1.0914
R847,0.9891,0.9895,0.9573,0.8874,0.813
R848,1.1767,1.0625,0.9364,0.7751,0.6183
R849,1.1888,1.1201,1.0171,0.8819,0.7616
R850,0.9847,0.8503,0.592,0.242,0.0
R851,0.0,0.0,0.0,0.0,0.0
R852,0.7659,0.6289,0.4117,0.1588,0.0
R853,1.0306,0.9258,0.777,0.5882,0.464
R854,0.5697,0.3968,0.0551,0.0,0.0
R855,1.0121,0.8943,0.7588,0.57,0.345
R857,0.9264,0.8226,0.7111,0.5729,0.3921
R858,1.3391,1.0847,0.7514,0.3966,0.0456
R859,2.0793,1.9711,1.8045,1.5785,1.3358
R860,1.0715,0.9325,0.6066,0.0,0.0
R861,0.8183,0.6171,0.0999,0.0,0.0
R862,1.4384,1.3398,1.2017,1.0161,0.8773
R863,1.5551,1.479,1.3816,1.2785,1.1232
R865,1.2746,1.356,1.3915,1.3394,1.4006
R866,1.4681,1.1497,0.6801,0.1635,0.0
R867,2.4004,2.2419,2.0619,1.8659,1.6775
R868,0.9595,0.847,0.704,0.5363,0.4108
R869,1.0462,1.0023,0.9474,0.8787,0.8075
R870,1.4309,1.375,1.279,1.1262,0.8687
R871,2.5055,2.4267,2.3259,2.22,2.0452
R872,1.5421,1.3554,1.1418,0.9113,0.7214
R873,1.3579,1.3394,1.2419,0.9816,0.7757
R874,1.3632,1.136,0.6536,0.0,0.0
R876,1.1866,1.0192,0.7675,0.4053,0.0
R878,1.9542,1.7322,1.4513,1.1211,1.0145
R879,1.7207,1.6225,1.5005,1.3591,1.2335
R880,1.7087,1.5034,1.1995,0.9042,0.6406
R881,1.6237,1.5281,1.4334,1.3469,1.3113
R882,2.1851,1.9397,1.5667,1.0955,0.1913
R883,2.2861,2.2561,2.2221,2.2003,2.2418
R884,1.2568,1.0813,0.8412,0.5076,0.0298
R886,2.0273,1.9972,1.9594,1.9212,1.876
R887,1.9868,1.9696,1.8784,1.785,1.7723
R888,2.4281,2.3673,2.2808,2.1844,2.0023
R889,2.493,2.281,1.9467,1.5747,1.2069
R890,2.4639,2.4293,2.3779,2.3258,2.2194
R891,1.3165,1.1944,1.0601,0.9138,0.7696
R892,2.0239,1.7603,1.3111,0.7096,0.0
R894,1.7746,1.5869,1.3734,1.154,0.997
R895,2.3004,2.2791,2.2424,2.2041,2.0973
R896,2.1254,2.0235,1.9046,1.8032,1.6853
R899,0.6804,0.149,0.0,0.0,0.0
R901,2.4278,2.4349,2.4314,2.4255,2.4374
R902,2.1284,2.0734,2.0126,1.9656,1.9015
R903,2.3192,2.2818,2.2225,2.1565,2.0312
R904,1.2523,1.1575,1.0207,0.8326,0.634
R905,1.9697,2.0113,2.0276,2.0283,2.05
R907,1.5462,1.6093,1.5879,1.551,1.5554
R909,1.8168,1.7477,1.6392,1.4799,1.2963
R910,1.5048,1.359,1.1931,1.0224,0.9133
R911,1.6377,1.5918,1.5197,1.4364,1.3506
R912,1.7688,1.7129,1.6424,1.5712,1.4512
R913,0.8357,0.6254,0.2111,0.0,0.0
R914,2.3102,2.2717,2.2059,2.1015,1.9589
R916,1.787,1.9377,1.9799,1.9665,1.9741
R917,1.427,1.3853,1.327,1.2374,1.1025
R919,2.5931,2.451,2.1656,1.7159,1.2193
R920,0.9122,0.8311,0.7359,0.5894,0.3799
R921,0.9625,0.8897,0.8153,0.7377,0.7013
R922,1.545,1.379,1.1916,0.9856,0.8424
R923,1.7699,1.6541,1.4493,1.2393,1.0952
R924,1.4605,1.3879,1.3199,1.2699,1.2612
R925,1.3737,1.3298,1.2106,1.1187,1.0811
R927,1.7062,1.5267,1.3539,1.1965,1.0154
R928,1.7853,1.6973,1.5384,1.3118,1.0624
R930,1.8494,1.8203,1.7674,1.7059,1.5869
R931,1.9851,1.9338,1.8083,1.6736,1.5737
R932,1.6376,1.5367,1.436,1.3541,1.2194
R933,1.1271,1.0358,0.9442,0.8503,0.7324
R934,1.3573,1.347,1.3184,1.2821,1.2043
R936,1.5349,1.4315,1.3327,1.2446,1.2216
R937,1.9156,1.9051,1.878,1.8389,1.7638
R938,1.4655,1.3238,1.1878,1.0586,0.9652
R940,1.5075,1.2277,0.9001,0.5451,0.1551
R941,1.591,1.3625,1.0119,0.5496,0.3293
R942,2.5357,2.5072,2.4626,2.4154,2.3861
R944,2.2356,2.1858,2.1139,2.0512,1.9403
R945,1.6716,1.0733,0.2679,0.0,0.0
R946,1.7916,1.7394,1.671,1.6114,1.5473
R947,1.9333,1.8007,1.6675,1.5544,1.384
R948,2.3364,2.1924,1.9849,1.7164,1.3469
R949,2.6778,2.6374,2.5805,2.5345,2.4431
R950,1.6991,1.3719,0.9558,0.4984,0.2629
R951,1.977,1.9675,1.9416,1.9116,1.8288
R952,1.8554,1.6726,1.4001,1.1279,0.9498
R953,1.1581,1.0666,0.9652,0.8601,0.8117
R954,1.7257,1.4278,1.0295,0.6075,0.0765
R955,0.8338,0.5645,0.1378,0.0,0.0
R956,2.3257,2.0278,1.5606,1.0955,0.619
R957,1.5233,1.3852,1.2115,1.0059,0.8734
R958,1.1627,0.8811,0.2598,0.0,0.0
R962,0.0,0.0551,0.1946,0.2262,0.2125
R963,0.8493,0.925,0.9996,1.0413,1.0989
R966,0.0,0.0,0.0,0.0,0.0
R970,0.2992,0.2995,0.2443,0.0995,0.0185
R972,0.364,0.4549,0.4953,0.4638,0.4567
R973,0.4245,0.5269,0.6144,0.6414,0.6484
R974,0.0183,0.0,0.0,0.0,0.0
R977,0.5574,0.6233,0.6937,0.7334,0.7637
R979,0.9167,0.9351,0.927,0.8787,0.8282
R980,0.0,0.1136,0.184,0.1737,0.1955
R982,0.0881,0.2387,0.2742,0.2032,0.1756
R985,0.2728,0.1531,0.0,0.0,0.0
R989,0.3868,0.2756,0.1275,0.0,0.0
R990,0.4005,0.6194,0.6886,0.6322,0.6013
R992,0.3268,0.2196,0.0528,0.0,0.0
R995,0.0,0.0,0.0,0.0,0.0
R999,0.0,0.0,0.0,0.0,0.0
R1001,1.1331,1.1452,1.0803,0.9043,0.7623
R1002,0.0,0.0,0.0,0.0,0.0
R1005,1.0771,1.2974,1.5013,1.6238,1.7491
R1006,0.7218,0.9255,1.1079,1.1959,1.2568
R1007,0.2553,0.2323,0.1905,0.1106,0.0206
R1009,0.1574,0.0,0.0,0.0,0.0
R1011,0.4885,0.4897,0.4215,0.2638,0.1674
R1012,1.0955,1.0885,1.0434,0.9458,0.9524
R1014,0.0,0.0,0.0,0.0,0.0
R1015,0.0,0.0,0.0332,0.0,0.0
R1017,0.0,0.0,0.0,0.0,0.0
R1019,0.2316,0.0906,0.0,0.0,0.0
R1020,0.0,0.0,0.0,0.0,0.0
R1021,0.0108,0.0,0.0,0.0,0.0
R1022,0.0,0.0,0.0,0.0,0.0
R1024,0.0,0.0,0.0,0.0,0.0
R1025,0.0,0.0,0.0,0.0,0.0
R1026,0.3438,0.2733,0.1552,0.0228,0.0
R1028,0.3243,0.501,0.6241,0.6727,0.7785
R1032,0.9723,0.9687,0.9392,0.8864,0.9251
R1034,0.6491,0.4944,0.187,0.0,0.0
R1035,0.4509,0.4849,0.4732,0.3927,0.3221
R1036,0.3258,0.3825,0.4063,0.3635,0.3353
R1037,0.2009,0.3042,0.3189,0.2536,0.2371
R1041,0.1514,0.4697,0.5811,0.5522,0.5513
R1042,0.0,0.0,0.0,0.0,0.0
R1046,0.5993,0.6558,0.6738,0.624,0.6035
R1047,0.0,0.0,0.0,0.0,0.0
R1048,0.4874,0.4586,0.3956,0.29,0.2168
R1049,0.4081,0.4599,0.4526,0.3516,0.2977
R1051,0.4444,0.2151,0.0,0.0,0.0
R1052,0.0,0.0,0.0,0.0,0.0
R1053,0.4763,0.5211,0.5337,0.4795,0.4264
R1054,0.0,0.0,0.0,0.0,0.0
R1056,0.0,0.0,0.0,0.0,0.0
R1057,0.0,0.0,0.0,0.0,0.0
R1058,0.1699,0.284,0.3181,0.2857,0.2571
R1061,0.0326,0.0,0.0,0.0,0.0
R1065,0.2731,0.3325,0.3604,0.3284,0.3352
R1067,0.3013,0.4061,0.4395,0.3936,0.371
R1069,0.5201,0.4153,0.2492,0.0367,0.0
R1071,0.6195,0.7376,0.8208,0.8185,0.7728
R1074,0.0,0.0423,0.0937,0.0378,0.0226
R1077,0.0,0.0,0.0,0.0,0.0
R1078,0.0,0.0,0.0,0.0,0.0
R1079,0.6705,0.6209,0.5039,0.332,0.244
R1080,0.0,0.0,0.0,0.0,0.0
R1082,0.6138,0.7102,0.8339,0.9525,1.0604
R1083,0.5704,0.5574,0.5309,0.4786,0.4444
R1084,0.645,0.5933,0.4977,0.3553,0.0363
R1085,0.0,0.0,0.0,0.0,0.0
R1086,1.4291,1.4904,1.5235,1.4965,1.3943
R1087,1.5335,1.6596,1.7915,1.8984,1.9581
R1088,1.5522,1.6011,1.6312,1.6155,1.5245
R1089,0.5685,0.3494,0.0358,0.0,0.0
R1090,1.0766,1.2386,1.3995,1.4786,1.4601
R1091,0.8524,0.8271,0.7808,0.7261,0.6787
R1092,0.9749,0.8959,0.7805,0.6098,0.3088
R1093,1.2842,1.3037,1.3019,1.2785,1.239
R1094,0.7737,0.7597,0.7188,0.6317,0.5809
R1095,0.6667,0.5082,0.2081,0.0,0.0
R1096,0.0,0.0,0.0,0.0,0.0
R1098,0.0,0.0,0.0,0.0,0.0
R1100,0.7456,0.7139,0.6176,0.4284,0.1535
R1101,1.033,1.0996,1.1642,1.1866,1.1668
R1102,0.0,0.0,0.0,0.0,0.0
R1103,0.0,0.0,0.0,0.0,0.0
R1105,0.8119,0.8416,0.8808,0.9134,0.9388
R1107,0.0,0.0,0.0,0.0,0.0
R1108,0.0,0.0,0.0,0.0,0.0
R1109,0.8444,0.8373,0.8029,0.7295,0.5584
R1114,1.6324,1.6796,1.7318,1.7459,1.718
R1115,0.3484,0.2649,0.1795,0.1242,0.1323
R1116,1.177,1.3174,1.4575,1.5382,1.5501
R1117,0.8583,0.504,0.0,0.0,0.0
R1118,0.0,0.0,0.0,0.0,0.0
R1119,0.8779,0.8301,0.7795,0.6982,0.5785
R1120,1.3734,1.4516,1.5273,1.5367,1.4989
R1123,0.4778,0.0,0.0,0.0,0.0
R1124,1.0359,1.0758,1.1203,1.1561,1.1974
R1125,0.6157,0.6772,0.7442,0.7886,0.7868
R1126,0.6034,0.5709,0.537,0.481,0.3739
R1128,0.2912,0.0,0.0,0.0,0.0
R1130,0.0,0.0,0.0,0.0,0.0
R1133,0.5561,0.4604,0.3087,0.1147,0.0
R1134,0.6405,0.6065,0.5354,0.4452,0.2931
R1135,0.8955,0.976,1.0414,1.045,1.0296
R1136,0.0,0.0,0.0,0.0,0.0
R1139,1.193,1.3146,1.4417,1.5349,1.578
R1140,0.0,0.0,0.0,0.0,0.0
R1142,0.0,0.0,0.0,0.0,0.0
R1143,0.7468,0.8366,0.9355,0.9954,1.0216
R1144,0.617,0.5532,0.4006,0.1459,0.0
R1145,0.0,0.0,0.0,0.0,0.0
R1146,0.641,0.5485,0.416,0.2709,0.1846
R1147,0.4677,0.4455,0.3987,0.3097,0.0
R1148,0.6428,0.7114,0.7924,0.8819,1.0305
R1149,0.7377,0.7862,0.8465,0.9117,1.0779
R1150,0.96,1.011,1.0961,1.1967,1.2368
R1151,1.2844,1.2376,1.201,1.1797,1.1662
R1152,0.0,0.0,0.0,0.0,0.0
R1153,0.0,0.0,0.0,0.0,0.0
R1154,0.0,0.0,0.0,0.0,0.0
R1155,0.6954,0.6658,0.6261,0.5595,0.4085
R1156,0.0,0.0,0.0,0.0,0.0
R1157,0.8407,0.9837,1.145,1.2922,1.3309
R1158,0.5624,0.5955,0.6397,0.6873,0.8174
R1159,0.8586,0.8979,0.9544,1.0292,1.2279
R1161,1.0747,1.1256,1.1306,1.0496,0.9744
R1163,0.0,0.0,0.0,0.0,0.0
R1164,0.0,0.0,0.0,0.0,0.0
R1166,0.3535,0.1694,0.0,0.0,0.0
R1167,0.1616,0.0222,0.0,0.0,0.0
R1168,0.4978,0.3872,0.2409,0.0932,0.0
R1175,0.7757,0.8058,0.7886,0.6939,0.6304
R1176,0.3451,0.2608,0.1116,0.0,0.0
R1177,0.5548,0.3533,0.0953,0.0,0.0
R1178,0.1418,0.0,0.0,0.0,0.0
R1179,0.5844,0.5598,0.482,0.344,0.2554
R1180,0.0369,0.0091,0.0,0.0,0.0
R1181,0.0,0.0,0.0,0.0,0.0
R1182,0.0,0.0,0.0,0.0,0.0
R1184,0.6731,0.6522,0.6176,0.5554,0.4122
R1185,0.8796,0.8701,0.7687,0.5408,0.3828
R1186,0.6648,0.666,0.66,0.633,0.5852
R1187,0.0,0.0,0.0,0.0,0.0
R1188,0.8584,0.84,0.792,0.7019,0.6211
R1189,0.9336,0.9684,0.9574,0.8644,0.7436
R1190,0.7708,0.7388,0.6815,0.5986,0.5143
R1191,1.2185,1.3325,1.4497,1.5327,1.5542
R1192,1.021,1.0648,1.1212,1.1601,1.1822
R1193,0.0,0.0,0.0,0.0,0.0
R1194,0.688,0.6858,0.6925,0.685,0.662
R1195,0.9647,0.9892,1.0357,1.0953,1.1005
R1196,0.8877,0.8836,0.8881,0.8758,0.8466
R1197,1.6161,1.9408,2.1764,2.2573,2.2291
R1200,0.0,0.0,0.0,0.0,0.0
R1203,0.1828,0.1573,0.115,0.0458,0.0
R1204,0.0421,0.0432,0.0204,0.0,0.0523
R1205,0.0,0.0,0.0,0.0,0.0
R1208,0.2381,0.1432,0.0159,0.0,0.0
R1209,0.4974,0.4664,0.3733,0.2386,0.1767
R1210,0.2305,0.0611,0.0,0.0,0.0
R1211,0.0,0.0,0.0,0.0,0.0
R1212,0.0,0.0,0.0,0.0,0.0
R1213,0.1496,0.1165,0.0491,0.0,0.0
R1215,0.0,0.0,0.0,0.0,0.0
R1219,0.3132,0.3643,0.4032,0.4281,0.5071
R1221,0.0513,0.0,0.0,0.0,0.0
R1223,0.0,0.0,0.0,0.0,0.0
R1227,0.1313,0.0,0.0,0.0,0.0
R1228,0.077,0.0,0.0,0.0,0.0
R1229,0.0,0.0,0.0,0.0,0.0
R1231,0.0,0.0,0.0,0.0,0.0
R1232,0.0,0.0,0.0,0.0,0.0
R1233,0.3902,0.4705,0.5331,0.5811,0.6881
R1235,0.5277,0.4217,0.2652,0.1177,0.0292
R1236,0.0,0.0,0.0,0.0,0.0
R1238,0.0,0.0,0.0,0.0,0.0
R1239,0.3265,0.0906,0.0,0.0,0.0
R1241,0.2249,0.0,0.0,0.0,0.0
R1243,0.3694,0.2515,0.1053,0.0,0.0
R1247,0.0,0.0,0.0,0.0,0.0
R1249,0.3242,0.208,0.0419,0.0,0.0
R1255,0.3065,0.1359,0.0,0.0,0.0
R1257,0.0,0.0,0.0,0.0,0.0
R1260,0.0,0.0,0.0,0.0,0.0
R1262,0.0,0.0,0.0,0.0,0.0
R1267,0.0,0.0,0.0,0.0,0.0
R1272,0.2129,0.1782,0.1003,0.0078,0.0
R1273,0.0,0.0,0.0,0.0,0.0
R1276,0.2509,0.0908,0.0,0.0,0.0
R1277,0.0,0.0,0.0,0.0,0.0
R1278,0.3622,0.3306,0.2117,0.0336,0.0884
R1279,0.0,0.0,0.0,0.0,0.0
R1281,0.0,0.0,0.0,0.0,0.0
R1282,0.6408,0.5307,0.3106,0.0227,0.0
R1285,0.3312,0.0,0.0,0.0,0.0
R1286,0.7025,0.634,0.5277,0.3462,0.0589
R1289,0.0,0.0,0.0,0.0,0.0
R1291,0.0,0.0,0.0,0.0,0.0
R1296,0.6507,0.5874,0.4641,0.2757,0.0
R1298,0.0,0.0,0.0,0.0,0.0
R1301,0.8052,0.7116,0.4674,0.1505,0.0
R1303,0.0,0.0,0.0,0.0,0.0
R1306,0.8244,0.8198,0.7617,0.6456,0.4809
R1307,0.75,0.5876,0.2957,0.0,0.0
R1308,0.4952,0.1564,0.0,0.0,0.0
R1309,0.8586,0.7622,0.5331,0.2387,0.0
R1310,0.5923,0.2842,0.0,0.0,0.0
R1311,0.5656,0.3616,0.0142,0.0,0.0
R1312,0.9908,0.7732,0.4883,0.1793,0.0
R1314,0.7044,0.6327,0.5362,0.4398,0.3209
R1316,0.5654,0.5236,0.4726,0.3798,0.2007
R1317,0.8837,0.7607,0.5762,0.363,0.1335
R1318,0.1547,0.0294,0.0,0.0,0.0
R1319,0.6519,0.6538,0.6348,0.585,0.4922
R1321,1.021,1.0063,0.9787,0.9528,0.9715
R1326,0.9124,0.7692,0.5399,0.1568,0.0
R1327,0.8697,0.8083,0.7399,0.6626,0.5781
R1330,0.2607,0.0,0.0,0.0,0.0
R1333,0.8727,0.7837,0.6794,0.5498,0.4424
R1335,0.4285,0.343,0.2046,0.0733,0.0964
R1338,0.583,0.4452,0.1726,0.0,0.0
R1339,1.1167,1.0404,0.9374,0.8085,0.7043
R1341,0.3323,0.1285,0.0,0.0,0.0
R1342,0.7778,0.6978,0.5875,0.416,0.2051
R1347,1.1881,1.1658,1.1248,1.0841,1.1039
R1348,0.6422,0.3722,0.0,0.0,0.0
R1349,0.4418,0.3531,0.2349,0.0853,0.0
R1351,0.6029,0.5189,0.3893,0.203,0.006
R1353,0.0,0.0,0.0,0.0,0.0
R1355,0.7994,0.7462,0.6589,0.5542,0.3709
R1356,0.9022,0.833,0.7335,0.5738,0.3756
R1357,0.93,0.8633,0.6824,0.4132,0.1526
R1358,0.7887,0.6812,0.4861,0.2695,0.0816
R1359,0.4291,0.1931,0.0,0.0,0.0
R1360,0.4423,0.0206,0.0,0.0,0.0
R1362,0.6588,0.4255,0.0172,0.0,0.0
R1364,0.6492,0.609,0.5279,0.3755,0.141
R1365,0.0,0.0,0.0,0.0,0.0
R1366,0.757,0.6838,0.5532,0.3622,0.1866
R1367,1.0837,0.8496,0.4949,0.1723,0.0
R1368,0.0,0.0,0.0,0.0,0.0
R1375,0.2213,0.0,0.0,0.0,0.0
R1378,0.7289,0.6327,0.4288,0.1567,0.0
R1386,0.1338,0.0,0.0,0.0,0.0
R1387,0.3716,0.3112,0.2289,0.1275,0.0
R1388,0.0,0.0,0.0,0.0,0.0
R1390,0.6023,0.5949,0.5783,0.5645,0.5692
R1391,0.0,0.0,0.0,0.0,0.0
R1397,0.7635,0.7616,0.7214,0.6471,0.5725
R1399,0.4842,0.3866,0.1762,0.0,0.0
R1421,0.907,0.7384,0.4771,0.1924,0.028
R1423,0.0,0.0,0.0,0.0,0.0
R1427,0.2724,0.0,0.0,0.0,0.0
R1433,0.2208,0.1204,0.0,0.0,0.0
R1435,0.4324,0.2143,0.0,0.0,0.0
R1438,0.0,0.0,0.0,0.0,0.0
R1446,0.6464,0.7454,0.8337,0.8981,0.9229
R1448,0.3745,0.2696,0.1091,0.0,0.0
R1451,0.8419,0.7829,0.6993,0.5759,0.4541
R1452,1.0471,1.0669,1.048,0.9998,1.0044
R1454,1.2392,1.301,1.3875,1.4851,1.4694
R1455,0.4465,0.2355,0.0,0.0,0.0
R1460,0.8761,0.726,0.4203,0.0,0.0
R1469,0.6029,0.478,0.2755,0.0054,0.0
R1471,1.1534,1.1873,1.2039,1.1863,1.1406
R1472,1.0041,0.9646,0.9052,0.8062,0.6803
R1474,1.0581,0.9604,0.8149,0.5588,0.2517
R1478,0.8541,0.7534,0.6256,0.4486,0.2177
R1481,1.0345,0.9445,0.833,0.6715,0.4891
R1483,1.2739,1.4047,1.5251,1.6036,1.605
R1487,0.9547,0.9077,0.8383,0.7269,0.6246
R1488,0.9806,1.0681,1.14,1.1838,1.1731
R1493,0.6616,0.4166,0.0,0.0,0.0
R1498,1.0909,1.0292,0.9451,0.7977,0.497
R1501,0.8487,0.8392,0.8167,0.7664,0.6689
R1504,1.1177,1.1323,1.1289,1.0889,1.1197
R1505,1.0297,1.1238,1.1837,1.1895,1.1967
R1509,1.1119,1.2012,1.2774,1.3233,1.4759
R1513,1.0276,0.9976,0.9426,0.8238,0.6423
R1522,1.1106,1.0279,0.8813,0.6154,0.4068
R1523,0.8165,0.7199,0.5866,0.3853,0.1572
R1533,0.6788,0.4988,0.2147,0.0,0.0
R1535,1.1451,1.1812,1.1784,1.135,1.0933
R1545,0.4101,0.2684,0.0173,0.0,0.0
R1547,1.0962,1.1668,1.2084,1.2168,1.2148
R1548,1.3702,1.3312,1.2535,1.1312,0.9769
R1553,0.7817,0.7106,0.6045,0.4764,0.322
R1555,1.1577,1.2044,1.2753,1.346,1.3131
R1557,0.7132,0.3884,0.0,0.0,0.0
R1561,0.9531,0.9079,0.8067,0.6055,0.3865
R1562,0.8884,0.7956,0.6393,0.3783,0.1754
R1563,0.9992,1.0815,1.1959,1.3053,1.2807
R1564,0.6568,0.4929,0.1848,0.0,0.0
R1565,0.691,0.6664,0.6155,0.5295,0.507
R1566,0.8255,0.7852,0.7294,0.6551,0.5331
R1567,0.8746,0.7538,0.611,0.455,0.2296
R1568,0.7241,0.7248,0.7096,0.675,0.6324
R1569,0.854,0.8223,0.7867,0.7498,0.7473
R1570,0.7328,0.7149,0.6566,0.55,0.41
R1571,0.6293,0.4503,0.0,0.0,0.0
R1572,0.0,0.0,0.0,0.0,0.0
R1573,0.6588,0.461,0.2264,0.0409,0.0
R1574,1.3415,1.342,1.2567,1.1274,1.0356
R1575,0.4711,0.3739,0.2014,0.0039,0.0
R1577,0.6674,0.6232,0.5649,0.4928,0.3524
R1578,0.7033,0.605,0.4286,0.2201,0.0665
R1579,0.8193,0.8836,0.9589,1.0491,1.2582
R1580,0.181,0.0,0.0,0.0,0.0
R1581,0.0221,0.0,0.0,0.0,0.0
R1582,0.8014,0.8148,0.8171,0.8107,0.8059
R1583,0.7433,0.6834,0.6229,0.5717,0.5471
R1585,0.0,0.0,0.0,0.0,0.0
R1586,0.6845,0.6824,0.6789,0.6681,0.6169
R1587,0.8259,0.7835,0.715,0.6523,0.6314
R1588,0.7303,0.7612,0.8001,0.8521,1.0014
R1589,0.5729,0.4946,0.3567,0.1984,0.1274
R1590,0.0,0.0,0.0,0.0,0.0
R1591,1.3157,1.2968,1.2901,1.2743,1.228
R1592,0.6157,0.5119,0.3185,0.0754,0.0
R1593,0.7727,0.7703,0.7706,0.7693,0.7253
R1594,0.8886,0.9067,0.9044,0.8789,0.8708
R1597,0.6978,0.6236,0.5059,0.3834,0.2755
R1598,0.1652,0.0,0.0,0.0,0.0
R1599,0.7926,0.6804,0.5051,0.3293,0.2118
R1600,0.0,0.0,0.0,0.0,0.0
R1601,0.0478,0.0,0.0,0.0,0.0
R1602,0.8005,0.6747,0.3403,0.0,0.0
R1603,0.7678,0.7475,0.7243,0.6934,0.6451
R1604,0.6493,0.5726,0.4037,0.2143,0.042
R1606,1.2736,1.4537,1.5393,1.5576,1.6788
R1607,1.1235,1.2205,1.2505,1.2323,1.3179
R1608,0.5439,0.5033,0.4634,0.4369,0.4508
R1609,1.0441,1.1156,1.2025,1.311,1.5469
R1610,0.0,0.0,0.0,0.0,0.0
R1611,0.5331,0.5189,0.4894,0.4291,0.3413
R1612,0.8332,0.777,0.7084,0.6431,0.5993
R1613,0.6817,0.6682,0.638,0.5793,0.5037
R1614,0.8081,0.7898,0.7547,0.7209,0.6227
R1615,0.0,0.0,0.0,0.0,0.0
R1616,0.6133,0.5586,0.4832,0.4015,0.358
R1617,0.9677,0.7277,0.1756,0.0,0.0
R1618,0.7293,0.7401,0.7413,0.7358,0.735
R1619,0.7451,0.6829,0.5622,0.4146,0.3613
R1620,1.0097,0.8928,0.681,0.4314,0.1501
R1621,1.2799,1.2607,1.2211,1.1775,1.1324
R1622,1.269,1.1868,1.1033,1.0145,0.9583
R1623,1.3067,1.2468,1.1957,1.1655,1.1884
R1624,1.134,1.0395,0.9325,0.8246,0.7035
R1625,0.9055,0.7661,0.6132,0.4728,0.3823
R1626,0.8899,0.7128,0.4938,0.2314,0.0136
R1627,1.2168,1.1785,1.1429,1.1233,1.1633
R1628,0.8904,0.7154,0.5224,0.2977,0.0667
R1629,1.1036,1.0118,0.9233,0.851,0.8305
R1630,1.245,1.1402,1.0365,0.945,0.9429
R1631,1.2492,1.2472,1.2127,1.1599,1.1575
R1632,1.1539,1.1875,1.2045,1.2277,1.2852
R1633,0.713,0.6063,0.4753,0.2869,0.033
R1634,1.2193,1.1485,1.0531,0.9213,0.7089
R1635,1.6363,1.5774,1.5272,1.5023,1.5174
R1636,1.272,1.2303,1.1779,1.1367,1.0902
R1637,1.366,1.3409,1.3202,1.3193,1.3944
R1638,0.8644,0.6924,0.4517,0.1522,0.0
R1639,1.1593,1.1489,1.1079,1.0362,0.8584
R1640,1.3117,1.1734,1.0194,0.8346,0.6468
R1641,1.1773,1.0938,1.0236,0.9722,0.9707
R1642,1.4901,1.485,1.4501,1.4101,1.411
R1643,1.2252,1.125,0.8968,0.522,0.3841
R1644,1.1758,1.1002,1.0273,0.9681,0.9624
R1645,1.5514,1.5284,1.4806,1.4237,1.3478
R1646,1.2712,1.138,0.9835,0.8095,0.6415
R1647,1.0965,1.0167,0.9359,0.8726,0.7855
R1648,1.0619,0.9476,0.7973,0.601,0.2834
R1649,1.3808,1.2824,1.074,0.8343,0.5979
R1650,1.1456,0.998,0.8132,0.5445,0.2285
R1651,1.0693,0.7863,0.3325,0.0,0.0
R1652,1.6019,1.542,1.4878,1.4483,1.4478
R1653,1.4776,1.4118,1.3291,1.2515,1.1179
R1654,0.8242,0.6562,0.4423,0.1302,0.0
R1655,1.2368,1.1541,1.0538,0.9413,0.7652
R1656,1.4522,1.3715,1.2787,1.1984,1.1409
R1657,1.4867,1.3926,1.2695,1.1052,0.8803
R1658,1.5078,1.4476,1.3911,1.3558,1.3739
R1659,1.0969,0.9755,0.859,0.7503,0.663
R1660,1.2516,1.1891,1.0978,0.9972,0.8667
R1661,0.7896,0.6644,0.3884,0.0,0.0
R1662,1.5632,1.5622,1.5356,1.5059,1.507
R1663,1.4453,1.4154,1.3873,1.3712,1.4034
R1664,1.6002,1.5421,1.4861,1.4544,1.525
R1665,1.3091,1.1945,1.0738,0.9493,0.8363
R1666,1.1837,1.0975,0.988,0.8602,0.6798
R1667,1.5323,1.5167,1.4741,1.4238,1.3891
R1668,0.9275,0.7834,0.6242,0.4299,0.1934
R1669,0.6334,0.5629,0.491,0.4126,0.3125
R1670,1.9748,1.9668,1.8834,1.7428,1.581
R1671,1.4609,1.4239,1.3898,1.3701,1.4174
R1672,1.087,0.9556,0.8003,0.6398,0.4248
R1673,1.2357,1.1591,1.0679,0.9779,0.872
R1674,1.1272,1.0924,1.0331,0.9758,0.9771
R1675,0.7088,0.2385,0.0,0.0,0.0
R1676,1.3924,1.3739,1.3192,1.2454,1.1828
R1677,1.3023,1.2016,1.1095,1.0403,1.0165
R1678,1.3087,1.2502,1.178,1.1101,1.0606
R1679,1.5216,1.4753,1.4173,1.3653,1.2937
R1680,1.9516,1.8358,1.6995,1.5441,1.3553
R1681,1.0598,0.9433,0.7993,0.6257,0.4191
R1682,1.2803,1.2707,1.2643,1.2738,1.3358
R1683,1.1231,1.0415,0.9441,0.8284,0.7314
R1684,0.7782,0.7167,0.6377,0.5336,0.3884
R1685,1.2215,1.1211,1.0158,0.8987,0.7958
R1686,1.2042,1.1481,1.0687,0.9827,0.9449
R1687,0.8941,0.793,0.6683,0.4944,0.313
R1688,1.9722,1.9008,1.7993,1.6679,1.5611
R1689,1.2092,1.1439,1.0638,0.9712,0.8237
R1690,1.1593,0.6944,0.0,0.0,0.0
R1691,1.1272,1.0039,0.8476,0.6393,0.4039
R1692,0.9731,0.9191,0.8391,0.7494,0.6953
R1693,1.3491,1.1341,0.8014,0.4739,0.0955
R1694,0.632,0.4868,0.3287,0.1443,0.0
R1695,1.0411,0.9824,0.9165,0.8448,0.7998
R1697,0.6609,0.5202,0.3702,0.1833,0.0
R1698,0.4795,0.1493,0.0,0.0,0.0
R1699,1.2299,1.2533,1.2586,1.2604,1.2523
R1700,2.1418,2.0152,1.875,1.7857,1.8588
R1701,1.0376,0.9824,0.9163,0.8359,0.6674
R1702,1.2447,1.1746,1.1008,1.0339,1.0174
R1703,1.2668,1.0909,0.7756,0.2872,0.0448
R1704,1.2663,1.2026,1.114,0.9851,0.7963
R1705,0.6529,0.5926,0.4612,0.342,0.2916
R1706,1.226,1.2069,1.1861,1.1728,1.1907
R1707,1.2384,1.1356,1.0367,0.9457,0.9309
R1708,1.4081,1.3592,1.2937,1.2254,1.1856
R1709,0.9347,0.8621,0.7592,0.648,0.6065
R1710,1.9154,1.6091,1.1056,0.6223,0.5708
R1711,1.4051,1.4009,1.3709,1.3281,1.2604
R1712,1.3114,1.2181,1.1268,1.0395,0.9797
R1713,1.1019,1.0843,1.0439,0.9965,0.9888
R1714,2.696,2.7958,2.9022,3.0196,3.1336
R1715,1.8464,1.7738,1.6881,1.5977,1.3359
R1716,2.7012,2.7452,2.7998,2.8666,2.9611
R1717,2.0804,2.0607,2.0154,1.9721,1.9484
R1718,2.3333,2.3281,2.3162,2.3005,2.3159
R1719,2.4048,2.3908,2.3836,2.3909,2.4553
R1720,2.5082,2.4783,2.4172,2.3376,2.1783
R1721,2.5515,2.5436,2.5224,2.4997,2.4941
R1722,1.7235,1.7469,1.7429,1.7431,1.804
R1723,3.0768,3.0635,3.0384,3.0062,2.9606
R1724,2.5254,2.4887,2.4504,2.4237,2.3842
R1725,2.1078,2.076,2.0261,1.9827,1.9248
R1726,2.8774,2.9136,2.9266,2.906,2.843
R1727,3.1438,3.1303,3.101,3.0611,2.9712
R1728,2.8802,2.8524,2.8258,2.8146,2.886
R1729,2.0479,2.0539,2.0473,2.0452,2.0949
R1730,3.0944,3.0699,3.0108,2.9399,2.8191
R1731,0.0,0.0,0.0,0.0,0.0
R1732,0.807,0.8583,0.8619,0.7677,0.7458
R1733,0.6608,0.7358,0.8011,0.8396,0.9956
R1734,0.6905,0.8086,0.9328,1.0285,0.8877
R1735,0.5363,0.4298,0.3191,0.1842,0.0777
R1736,0.9173,1.071,1.2272,1.3758,1.4466
R1737,0.7811,0.8216,0.8698,0.8963,0.8965
R1738,1.0716,1.2827,1.4489,1.5878,1.8056
R1739,0.8994,0.999,1.1071,1.2247,1.3493
R1740,0.2511,0.2142,0.1198,0.0,0.0
R1745,0.0,0.0,0.0,0.0,0.0
R1748,0.0,0.0,0.0,0.0,0.0
R1750,0.564,0.6335,0.6068,0.4984,0.4125
R1751,0.4282,0.3453,0.2073,0.0356,0.0
R1752,0.0,0.0,0.0,0.0,0.0
R1757,0.0,0.0,0.0,0.0,0.0
R1762,2.405,2.4212,2.437,2.4552,2.4562
R1763,2.4399,2.4431,2.4216,2.3891,2.3252
R1764,2.5005,2.5133,2.5259,2.5452,2.6048
R1765,2.2224,2.1339,1.9802,1.7896,1.5396
R1766,2.4983,2.5027,2.4997,2.491,2.4856
R1767,2.3436,2.1517,1.899,1.5763,1.3115
R1768,2.4244,2.4165,2.3841,2.3374,2.2688
R1769,2.1172,2.1296,2.1182,2.0951,2.0522
R1770,2.1676,2.128,2.0833,2.0436,2.0048
R1771,2.1221,2.1298,2.1121,2.0749,2.0027
R1772,2.5356,2.5134,2.4544,2.3568,2.3494
R1773,2.1883,1.9719,1.6096,1.1631,0.7195
R1774,2.2015,2.202,2.2066,2.2229,2.3184
R1775,2.0242,1.9778,1.921,1.8545,1.7483
R1776,2.5469,2.5533,2.5318,2.4913,2.4366
R1777,2.0889,1.9612,1.7952,1.5745,1.2812
R1778,2.2045,2.2245,2.226,2.2091,2.2413
R1779,2.4136,2.3782,2.328,2.2514,2.1945
R1780,2.6963,2.6743,2.6362,2.5836,2.5174
R1781,1.9806,1.958,1.9295,1.8959,1.8763
R1782,2.271,2.2447,2.1753,2.0598,1.9884
R1783,2.3002,2.2866,2.2584,2.2153,2.144
R1784,2.3014,2.2486,2.1505,1.9977,1.8986
R1785,2.0212,1.9494,1.8855,1.8197,1.7971
R1786,2.1854,2.1765,2.1653,2.1525,2.1243
R1787,2.2725,2.2506,2.2049,2.1408,2.0824
R1788,2.2408,2.1835,2.0886,1.964,1.7621
R1789,2.0903,2.1158,2.1145,2.0973,2.081
R1790,2.2064,2.1764,2.1351,2.0931,2.0212
R1791,1.946,1.9428,1.9453,1.9481,2.0097
R1792,2.1523,2.1365,2.1123,2.08,2.0107
R1793,2.3075,2.217,2.055,1.8448,1.5089
R1794,2.1205,2.1003,2.0925,2.1008,2.1722
R1795,0.0,0.0,0.0,0.0,0.0
R1796,0.5312,0.4476,0.3138,0.1403,0.0
R1799,0.0,0.0,0.0,0.0,0.0
R1800,0.7349,0.7224,0.6701,0.5852,0.4529
R1801,0.4405,0.4041,0.3064,0.1473,0.0391
R1802,0.4245,0.5013,0.5622,0.608,0.4598
R1804,0.388,0.3706,0.3327,0.2739,0.2161
R1805,0.4284,0.4383,0.4139,0.3706,0.4566
R1806,0.498,0.532,0.5462,0.5116,0.2607
R1809,0.4108,0.3507,0.2601,0.154,0.0459
R1810,0.0,0.0,0.0,0.0,0.0
R1811,0.7645,0.7344,0.6755,0.5914,0.5075
R1812,0.2838,0.0548,0.0,0.0,0.0
R1813,0.4943,0.4324,0.3609,0.2765,0.1895
R1815,0.5301,0.5104,0.4917,0.4562,0.389
R1816,0.5614,0.5437,0.5153,0.4678,0.3628
R1817,0.6229,0.4588,0.3319,0.2242,0.1451
R1819,0.6509,0.6283,0.6083,0.5864,0.4668
R1820,0.9915,0.877,0.6853,0.4603,0.3262
R1821,0.0,0.0,0.0,0.0,0.0
R1822,0.4423,0.3908,0.3192,0.2284,0.1427
R1823,0.0,0.0,0.0,0.0,0.0
R1824,0.4697,0.3363,0.1295,0.0,0.0
R1826,0.7006,0.6521,0.5548,0.41,0.1249
R1827,0.2583,0.1102,0.0,0.0,0.0
R1828,0.5381,0.4935,0.4418,0.397,0.342
R1829,0.4738,0.4312,0.3547,0.2632,0.1383
R1831,0.0,0.0,0.0,0.0,0.0
R1832,0.4255,0.383,0.3141,0.2229,0.0822
R1836,0.523,0.5654,0.5783,0.5461,0.6507
R1839,0.5916,0.5861,0.5676,0.5344,0.5231
R1840,0.0,0.0,0.0,0.0,0.0
R1841,0.4418,0.4568,0.4851,0.523,0.5711
R1843,0.8777,1.0074,1.1484,1.2537,1.1919
R1844,0.7807,0.9912,1.2196,1.4123,1.4383
R1845,0.2137,0.1721,0.051,0.0,0.0
R1846,0.7736,0.7779,0.7718,0.743,0.6457
R1848,0.7422,0.6842,0.5767,0.4351,0.266
R1849,0.7691,0.8626,0.9265,0.9297,0.9461
R1851,0.0,0.0,0.0,0.0,0.0
R1852,0.0,0.0,0.0,0.0,0.0
R1853,0.3662,0.1792,0.0206,0.0,0.0
R1854,0.9977,1.1451,1.3056,1.4588,1.598
R1855,0.5631,0.4729,0.3074,0.1207,0.0
R1856,0.6464,0.7656,0.8961,1.0257,1.2546
R1858,0.3393,0.1728,0.0,0.0,0.0
R1860,0.1851,0.3128,0.3365,0.2428,0.1331
R1862,0.6436,0.5215,0.3165,0.0621,0.0
R1863,0.0,0.0,0.0,0.0,0.0
R1864,0.0,0.0,0.0,0.0,0.0
R1865,0.0,0.0,0.0,0.0,0.0
R1866,0.3967,0.3086,0.2175,0.1351,0.0
R1869,0.7057,0.6724,0.5984,0.4647,0.2496
R1871,0.0,0.0,0.0,0.0,0.0
R1872,0.0,0.0,0.0,0.0,0.0
R1874,0.5209,0.3656,0.1278,0.0,0.0
R1875,0.7273,0.7285,0.7166,0.6747,0.6136
R1877,0.0,0.0,0.0,0.0,0.0
R1878,0.4141,0.3666,0.3177,0.2522,0.2023
R1879,1.1358,1.3352,1.5161,1.6394,1.6589
R1880,0.0,0.0,0.0,0.0,0.0
R1881,0.0,0.0,0.0,0.0,0.0
R1882,0.6297,0.7212,0.7878,0.7966,0.8159
R1887,0.0,0.0,0.0,0.0,0.0
R1888,0.6272,0.6368,0.6285,0.583,0.475
R1891,0.0,0.0,0.0,0.0,0.0
R1892,0.6662,0.6615,0.6543,0.628,0.588
R1895,0.7681,0.8605,0.9165,0.88,0.8363
R1898,0.0,0.0,0.0,0.0,0.0
R1903,0.7619,0.7448,0.7343,0.6901,0.6658
R1904,0.3427,0.2543,0.1373,0.0055,0.0
R1905,0.349,0.3142,0.2752,0.2183,0.1625
R1908,0.0,0.0,0.0,0.0,0.0
R1909,0.6442,0.685,0.7238,0.7289,0.6793
R1910,0.0,0.0,0.0,0.0,0.0
R1911,0.7727,0.8613,0.9352,0.951,0.9368
R1913,0.8254,0.7618,0.711,0.654,0.6177
R1915,0.0,0.0,0.0,0.0,0.0
R1916,0.4736,0.4543,0.4042,0.3121,0.1658
R1917,0.8716,0.7472,0.4988,0.1775,0.0
R1918,0.646,0.7782,0.8905,0.9408,0.9314
R1919,0.8455,0.8981,0.9359,0.9258,0.8774
R1920,0.0,0.0,0.0,0.0,0.0
R1921,0.0,0.0,0.0,0.0,0.0
R1923,0.5796,0.5835,0.5641,0.5439,0.5039
R1924,0.7277,0.7664,0.7989,0.7898,0.7263
R1925,0.0,0.0,0.0,0.0,0.0
R1926,0.0,0.0,0.0,0.0,0.0
R1927,0.0,0.0,0.0,0.0,0.0
R1928,0.0,0.0,0.0,0.0,0.0
R1929,0.8186,0.909,0.9883,1.0262,1.0695
R1930,0.0,0.0,0.0,0.0,0.0
R1931,0.8938,0.831,0.7746,0.7029,0.6424
R1932,0.5665,0.5344,0.4706,0.3582,0.2078
R1933,0.7771,0.8787,0.9713,1.019,1.0205
R1934,0.2559,0.0,0.0,0.0,0.0
R1936,0.5613,0.3935,0.1658,0.0,0.0
R1937,1.0796,1.2552,1.4351,1.5763,1.6703
R1938,0.5206,0.4261,0.2972,0.1749,0.1363
R1939,0.8621,1.0025,1.1345,1.2007,1.2194
R1940,0.0,0.0,0.0,0.0,0.0
R1941,0.8674,0.9003,0.8954,0.8286,0.7988
R1942,0.7162,0.6674,0.5743,0.4075,0.2813
R1945,0.0,0.0,0.0,0.0,0.0
R1946,0.9129,1.1397,1.3373,1.4892,1.5824
R1947,0.5206,0.4052,0.2283,0.0403,0.0
R1948,0.1604,0.1288,0.0725,0.0,0.0
R1949,0.4067,0.3032,0.1672,0.0,0.0
R1950,0.0,0.0,0.0,0.0,0.0
R1951,0.4212,0.288,0.0574,0.0,0.0
R1953,0.7637,0.7165,0.5955,0.3981,0.2535
R1955,0.89,0.8721,0.7761,0.5803,0.4362
R1956,0.751,0.7059,0.5855,0.3834,0.1851
R1957,0.8654,0.7833,0.6771,0.5319,0.2795
R1959,0.5298,0.2298,0.0,0.0,0.0
R1960,1.596,1.8894,2.0488,2.1009,2.2232
R1961,1.1476,0.942,0.5417,0.1388,0.0
R1962,0.8994,0.8737,0.8351,0.8005,0.795
R1963,1.1514,1.3489,1.4723,1.5177,1.6031
R1964,0.5484,0.3244,0.0,0.0,0.0
R1966,0.7736,0.7106,0.6093,0.4469,0.2635
R1968,0.9697,0.8009,0.5457,0.2991,0.0812
R1969,0.6501,0.6126,0.5134,0.3394,0.081
R1970,0.231,0.0009,0.0,0.0,0.0
R1971,0.9386,0.8956,0.839,0.7735,0.7563
R1972,0.9914,0.9677,0.9282,0.8746,0.8187
R1973,0.863,0.8477,0.7913,0.6878,0.5109
R1974,0.9433,0.9239,0.8911,0.8456,0.8039
R1975,0.8118,0.7539,0.6389,0.4797,0.0328
R1976,0.7988,0.7404,0.6655,0.5627,0.448
R1977,1.1556,1.0227,0.6324,0.114,0.0296
R1978,0.7491,0.7587,0.7197,0.6271,0.4766
R1979,0.9352,0.893,0.8287,0.731,0.6086
R1980,1.2473,1.1546,1.0453,0.9251,0.6414
R1981,0.5334,0.2512,0.0,0.0,0.0
R1982,0.7585,0.6469,0.4609,0.2331,0.0529
R1983,0.6231,0.5878,0.5045,0.3633,0.1698
R1984,0.6937,0.5606,0.1751,0.0,0.0
R1985,0.7363,0.5751,0.2298,0.0,0.0
R1986,0.6479,0.5974,0.4363,0.1675,0.0
R1987,0.7323,0.6038,0.3048,0.0,0.0
R1988,0.7472,0.7084,0.648,0.5565,0.4676
R1989,1.0872,1.2187,1.2847,1.2896,1.3539
R1990,0.6619,0.4299,0.1807,0.0,0.0
R1991,0.7362,0.5046,0.0861,0.0,0.0
R1992,0.7121,0.581,0.2994,0.0,0.0
R1994,0.7919,0.6952,0.4909,0.2304,0.0111
R1995,0.7014,0.6589,0.5723,0.4224,0.2558
R1996,0.8811,0.8417,0.7239,0.4802,0.1693
R1998,0.7909,0.4884,0.0679,0.0,0.0
R1999,0.8871,0.8559,0.8074,0.7552,0.7544
R2000,1.1154,0.9983,0.8762,0.7808,0.4991
R2001,1.1796,1.3141,1.4003,1.4379,1.5118
R2002,0.8213,0.7942,0.7512,0.6932,0.6362
R2003,0.6951,0.5003,0.0766,0.0,0.0
R2004,0.0,0.0,0.0,0.0,0.0
R2006,0.8867,0.8662,0.8216,0.748,0.6627
R2007,1.1625,1.0777,0.9048,0.6219,0.3185
R2008,0.5174,0.3163,0.0,0.0,0.0
R2009,0.8696,0.7706,0.6116,0.4202,0.2034
R2011,0.0,0.0,0.0,0.0,0.0
R2012,0.1018,0.0,0.0,0.0,0.0
R2013,0.1944,0.0548,0.0,0.0,0.0
R2015,0.0,0.0,0.0,0.0,0.0
R2016,0.2841,0.3582,0.4072,0.3967,0.3855
R2019,0.7832,0.924,1.0493,1.1669,1.3544
R2020,0.0,0.0,0.0,0.0,0.0
R2021,0.1291,0.1096,0.0284,0.0,0.0
R2023,0.6705,0.809,0.9335,0.9993,1.0739
R2024,0.4861,0.7284,0.9238,1.0794,1.3437
R2026,0.0548,0.0,0.0,0.0,0.0
R2028,0.3524,0.1956,0.0,0.0,0.0
R2029,0.0,0.0,0.0,0.0,0.0
R2030,0.0,0.0,0.0,0.0,0.0
R2031,0.0867,0.0,0.0,0.0,0.0
R2032,0.3346,0.4227,0.4051,0.2921,0.2037
R2033,0.5216,0.5958,0.6228,0.5826,0.6207
R2034,0.0,0.0,0.0,0.0,0.0
R2035,0.1868,0.0065,0.0,0.0,0.0
R2038,0.2791,0.0,0.0,0.0,0.0
R2041,0.0,0.0,0.0,0.0,0.0
R2042,0.0,0.0,0.0,0.0,0.0
R2043,0.4544,0.564,0.6368,0.6606,0.6866
R2044,0.0,0.0,0.0,0.0,0.0
R2047,0.4014,0.4014,0.3379,0.199,0.0583
R2048,0.0,0.0,0.0,0.0,0.0
R2050,0.0,0.0,0.0,0.0,0.0
R2052,0.0,0.0,0.0,0.0,0.0
R2055,0.0,0.0,0.0,0.0,0.0
R2057,0.0,0.0,0.0,0.0,0.0
R2058,0.3817,0.4378,0.4557,0.4122,0.388
R2059,0.3694,0.6476,0.8044,0.9116,1.1945
R2063,0.0,0.0,0.0,0.0,0.0
R2064,0.3797,0.4593,0.5033,0.4861,0.4953
R2065,0.0,0.0,0.0,0.0,0.0
R2066,0.1029,0.2242,0.2724,0.2685,0.278
R2067,0.1786,0.2434,0.2447,0.1945,0.0
R2068,0.0,0.0,0.0,0.0,0.0
R2070,0.0,0.0,0.0,0.0,0.0
R2071,0.0,0.0,0.0,0.0,0.0
R2072,0.2172,0.2112,0.127,0.0195,0.0279
R2073,0.2084,0.2033,0.1911,0.1618,0.0267
R2074,0.1806,0.2366,0.2067,0.096,0.0549
R2077,0.4296,0.5102,0.5458,0.5062,0.5067
R2078,0.0,0.0,0.0,0.0,0.0
R2079,0.0,0.0,0.0,0.0,0.0079
R2081,0.0,0.0,0.0,0.0,0.0
R2083,0.1549,0.0854,0.0,0.0,0.0
R2084,0.0,0.0,0.0,0.0,0.0
R2085,0.4414,0.5084,0.4893,0.3938,0.3406
R2088,0.5121,0.4802,0.4309,0.3476,0.0716
R2089,0.0,0.0,0.0,0.0,0.0
R2090,0.0,0.0,0.0,0.0,0.0
R2094,0.2218,0.1301,0.0167,0.0,0.0
R2095,0.0534,0.0,0.0,0.0,0.0
R2096,0.0,0.0,0.0,0.0,0.0
R2097,0.0,0.0,0.0,0.0,0.0
R2099,1.984,1.6474,1.2125,0.8099,0.4895
R2101,2.2081,1.5926,0.5304,0.0,0.0
R2102,2.8606,2.7911,2.715,2.6536,2.6099
R2103,2.1414,1.982,1.8157,1.6415,1.4981
R2105,1.7656,1.471,1.125,0.7294,0.4819
R2106,1.6725,1.5931,1.5035,1.4104,1.2646
R2109,1.7134,1.7896,1.828,1.8,1.7206
R2110,2.9679,2.8496,2.7018,2.5627,2.4685
R2111,1.7784,1.6889,1.4958,1.1921,0.9198
R2113,2.0959,1.9689,1.821,1.6232,1.4504
R2114,2.3549,2.2474,2.1504,2.0717,1.9298
R2117,2.381,2.2928,2.1971,2.115,1.9685
R2119,2.6293,2.4443,2.172,1.8172,1.3561
R2120,2.5556,2.4897,2.4055,2.3316,2.2872
R2121,2.2184,2.1094,2.0145,1.9399,1.9255
R2122,1.6492,1.6262,1.576,1.5112,1.3745
R2123,1.6677,1.5238,1.3695,1.2116,1.0174
R2125,2.8277,2.8011,2.6868,2.4671,2.211
R2126,2.8932,2.8523,2.7859,2.714,2.5298
R2127,2.9366,2.8543,2.7257,2.5462,2.3104
R2130,3.4691,3.3603,3.2154,3.0537,2.8531
R2131,1.7331,1.6778,1.5937,1.4903,1.3068
R2133,1.5061,1.2807,1.0523,0.7996,0.56
R2134,2.1763,1.9521,1.6054,1.1948,0.7464
R2135,2.5877,2.54,2.4776,2.4223,2.3778
R2138,1.3186,1.1541,0.9541,0.7186,0.4455
R2139,1.8111,1.6432,1.3988,1.1017,0.8617
R2141,1.969,1.7972,1.5925,1.3662,1.2133
R2144,2.3356,1.9082,1.2788,0.6469,0.0
R2149,1.9049,1.6292,1.3354,1.0252,0.7052
R2154,1.9038,1.3907,0.4716,0.0,0.0
R2155,1.9369,2.1968,2.4,2.5295,2.5757
R2156,1.3729,1.1298,0.6619,0.0541,0.0
R2157,1.5017,1.2653,0.9932,0.6901,0.3953
R2162,2.214,1.8229,1.0643,0.1018,0.0334
R2166,1.8578,1.7656,1.6591,1.563,1.581
R2167,2.4991,2.4084,2.3106,2.2129,2.1192
R2168,3.1085,2.9994,2.8951,2.8085,2.745
R2172,2.1838,2.1894,2.1642,2.1176,2.0114
R2173,2.0315,1.7642,1.4746,1.1416,0.8449
R2174,2.5528,2.1457,1.5724,0.9997,0.3796
R2175,2.1842,2.1491,2.099,2.0416,1.9118
R2176,0.0,0.0,0.0,0.0,0.0
R2177,0.4866,0.0752,0.0,0.0,0.0
R2178,0.3853,0.0264,0.0,0.0,0.0
R2179,0.7344,0.7532,0.7418,0.6913,0.635
R2180,0.7372,0.6254,0.5161,0.4017,0.2853
R2181,1.3568,1.4125,1.4792,1.5421,1.6029
R2182,1.3013,1.3013,1.2911,1.2688,1.2661
R2183,1.3431,1.3007,1.2577,1.2129,1.1994
R2184,1.2177,1.15,1.0724,0.9846,0.8694
R2185,1.1483,1.1184,1.0815,1.0445,0.975
R2186,1.6864,1.6767,1.6508,1.6143,1.5042
R2187,2.1856,2.1997,2.2199,2.2497,2.3492
R2188,1.2575,1.1142,0.9146,0.6421,0.3852
R2189,1.5674,1.6339,1.6783,1.7139,1.765
R2190,1.3173,1.2613,1.2127,1.1523,1.1131
R2191,1.321,1.3689,1.411,1.4602,1.5465
R2192,2.4304,2.4454,2.4548,2.4602,2.5033
R2193,2.2803,2.2712,2.2564,2.2395,2.1918
R2194,1.3615,1.3287,1.2835,1.2364,1.2041
R2195,0.6635,0.356,0.0,0.0,0.0
R2196,0.7512,0.5313,0.0,0.0,0.0
R2197,1.9285,1.9623,2.0127,2.0743,2.1747
R2198,0.9001,0.6719,0.3467,0.0,0.0
R2199,1.0628,1.1098,1.1621,1.2155,1.272
R2200,0.727,0.0,0.0,0.0,0.0
R2201,0.8718,0.9579,1.0529,1.1232,1.0743
R2202,1.2164,1.3205,1.4442,1.5854,1.7871
R2203,0.1778,0.0,0.0,0.0,0.0
R2204,1.1275,1.1888,1.2294,1.2531,1.262
R2205,1.0423,1.0175,0.993,0.9725,0.9203
R2206,1.1774,1.1619,1.1517,1.153,1.1545
R2207,1.1056,1.0957,1.075,1.0166,0.8831
R2208,0.7573,0.7125,0.5675,0.3279,0.1209
R2209,1.2154,1.2633,1.3117,1.3728,1.4788
R2210,0.0,0.0,0.0,0.0,0.0
R2211,0.0,0.0,0.0,0.0,0.0
R2212,0.0,0.0,0.0,0.0,0.0
R2213,0.0,0.0,0.0003,0.0,0.0
R2214,0.0,0.028,0.0628,0.0668,0.0
R2215,0.1479,0.0,0.0,0.0,0.0
R2217,0.0,0.0,0.0,0.0,0.0
R2218,0.131,0.0,0.0,0.0,0.0
R2220,0.0,0.0,0.0,0.0,0.0
R2221,0.2976,0.4054,0.4599,0.4785,0.5999
R2222,0.424,0.4844,0.5346,0.5615,0.6094
R2224,0.4856,0.576,0.6767,0.7492,0.6858
R2225,0.5106,0.4056,0.2484,0.1,0.0
R2226,0.4149,0.4465,0.4841,0.5137,0.4619
R2227,0.5473,0.6186,0.7027,0.766,0.6879
R2228,0.5469,0.6387,0.6676,0.6252,0.6342
R2229,0.3869,0.308,0.2193,0.1222,0.0387
R2230,0.0,0.0,0.0,0.0,0.0
R2231,0.3107,0.1508,0.0151,0.0,0.0
R2232,0.3701,0.2557,0.0985,0.0,0.0
R2233,0.0,0.0,0.0,0.0,0.0
R2234,0.3987,0.4625,0.5182,0.532,0.3983
R2235,0.0664,0.0,0.0,0.0,0.0
R2236,0.0,0.081,0.1407,0.1605,0.0
R2237,0.0049,0.0,0.0,0.0,0.0
R2238,0.3462,0.1515,0.0,0.0,0.0
R2239,0.0973,0.0,0.0,0.0,0.0
R2240,0.0,0.0,0.0,0.0,0.0
R2241,0.1465,0.1726,0.1749,0.1605,0.1214
R2242,0.2664,0.3516,0.3881,0.3694,0.3983
R2243,0.4089,0.4758,0.5391,0.5814,0.6168
R2244,0.503,0.645,0.7707,0.8606,0.9584
R2247,0.1978,0.4564,0.6384,0.7678,1.0565
R2250,0.0,0.0,0.0,0.0,0.0
R2251,0.8046,0.9031,0.9962,1.047,0.9392
R2252,0.0,0.0,0.0,0.0,0.0
R2253,0.4508,0.5936,0.7002,0.7801,0.9252
R2254,0.4653,0.5367,0.6168,0.6953,0.7692
R2257,0.3455,0.2918,0.1914,0.0485,0.0
R2259,0.403,0.3843,0.3582,0.3157,0.2581
R2260,0.4774,0.6956,0.8624,0.9756,1.2095
R2263,0.3694,0.3191,0.2241,0.114,0.0
R2265,0.5848,0.7725,0.9392,1.0789,1.2828
R2266,0.0,0.0,0.0,0.0,0.0
R2267,0.3735,0.2639,0.1726,0.0876,0.0
R2269,0.317,0.4312,0.5012,0.5402,0.6749
R2270,0.0,0.0,0.0,0.0,0.0
R2271,0.2817,0.3542,0.4123,0.4328,0.4296
R2272,0.3618,0.3697,0.357,0.3144,0.2866
R2273,0.185,0.0,0.0,0.0,0.0
R2275,0.0,0.0,0.0,0.0,0.0
R2278,0.8537,0.9038,0.9597,1.0152,1.0061
R2279,1.1702,1.4274,1.6552,1.8533,1.9379
R2280,0.7765,0.7871,0.7775,0.7078,0.613
R2281,0.9995,1.2242,1.4406,1.6309,1.6976
R2282,0.6544,0.5896,0.4631,0.2687,0.0581
R2283,1.3906,1.4524,1.52,1.5798,1.5894
R2284,1.5189,1.5479,1.5859,1.5953,1.5631
R2285,0.9421,0.8736,0.7988,0.7063,0.6456
R2286,1.5233,1.7349,1.968,2.1915,2.3515
R2287,1.176,1.2091,1.1405,1.0045,0.8999
R2288,0.7949,0.6698,0.4508,0.1703,0.0
R2289,1.1411,1.1402,1.0852,0.9574,0.8127
R2290,0.8692,0.1097,0.0,0.0,0.0
R2291,1.3639,1.6423,1.8925,2.0859,2.1901
R2292,0.7967,0.6305,0.3677,0.0251,0.0
R2293,0.7657,0.7828,0.8013,0.7963,0.7589
R2294,0.8946,0.9077,0.9134,0.8875,0.8656
R2295,1.0648,1.2261,1.3505,1.381,1.3329
R2296,0.9575,0.9927,1.0287,1.0424,1.0411
R2297,1.2104,1.1477,1.0297,0.8774,0.5934
R2298,0.0849,0.0,0.0,0.0,0.0
R2299,0.7276,0.6571,0.5577,0.4164,0.2325
R2300,1.1281,1.2057,1.2811,1.3132,1.294
R2301,1.4227,1.6311,1.858,2.0699,2.1548
R2302,0.911,1.0512,1.1456,1.191,1.4088
R2303,0.6283,0.6644,0.6818,0.6546,0.4725
R2304,0.6815,0.6492,0.5649,0.4055,0.1628
R2305,1.3564,1.6164,1.8491,2.0359,2.1547
R2306,1.6559,1.9063,2.1377,2.3206,2.4232
R2307,1.6873,1.8951,2.0849,2.1926,2.1958
R2308,0.0,0.0,0.0,0.0,0.0
R2309,1.1516,1.2059,1.2645,1.295,1.2743
R2310,0.8922,0.8713,0.8136,0.703,0.5667
R2311,1.2269,1.4738,1.6897,1.8541,1.837
R2312,1.0097,1.1002,1.2078,1.3017,1.3626
R2313,1.1636,1.3093,1.4068,1.3993,1.3154
R2314,1.052,1.0214,0.9851,0.9214,0.8529
R2315,1.1463,1.1289,1.1114,1.0839,1.0246
R2316,0.0,0.0,0.0,0.0,0.0
R2317,0.4452,0.6038,0.7429,0.8189,0.621
R2318,1.0663,1.2056,1.3525,1.4726,1.5248
R2319,1.2017,1.0863,0.9818,0.8593,0.7455
R2320,0.8409,0.8942,0.9553,0.9832,0.9863
R2321,1.7249,2.0547,2.3624,2.5953,2.7507
R2322,1.1156,1.3407,1.5237,1.6016,1.5757
R2323,1.4042,1.5195,1.6445,1.7392,1.7843
R2324,1.8179,2.1643,2.455,2.659,2.7176
R2325,0.0,0.0,0.0,0.0,0.0
R2326,1.297,1.498,1.6882,1.8668,1.9522
R2327,0.6251,0.3143,0.0,0.0,0.0
R2328,0.9169,1.126,1.3261,1.4974,1.5529
R2329,0.9856,0.9296,0.8635,0.7803,0.7031
R2330,0.4573,0.2378,0.0,0.0,0.0
R2331,1.3347,1.2924,1.2375,1.1814,1.1489
R2332,1.2192,1.1015,0.9703,0.8274,0.7074
R2333,0.5016,0.383,0.2456,0.1045,0.006
R2334,1.0484,1.0275,0.9807,0.903,0.7056
R2335,1.039,0.9836,0.9151,0.8321,0.7661
R2336,0.8654,0.811,0.7484,0.678,0.6167
R2337,1.0949,1.0868,1.0634,1.0229,0.916
R2338,1.1436,1.1258,1.1022,1.0658,0.9123
R2339,1.0704,1.0016,0.9077,0.7854,0.7073
R2340,0.6906,0.6127,0.5139,0.3719,0.1453
R2341,1.0561,1.0036,0.9285,0.8411,0.6916
R2342,0.6927,0.6211,0.5427,0.4614,0.364
R2343,0.9641,0.9184,0.8493,0.7484,0.6162
R2344,1.1294,1.0999,1.0592,1.0121,0.9496
R2345,0.8969,0.6951,0.3571,0.0,0.0
R2346,0.7575,0.6666,0.5654,0.4537,0.336
R2347,1.151,1.1303,1.0816,1.0244,1.0461
R2348,1.0397,0.8683,0.4341,0.0,0.0
R2349,0.8437,0.657,0.3651,0.0,0.0
R2350,1.0316,1.0039,0.9588,0.904,0.855
R2351,1.2144,1.1766,1.0814,0.8899,0.8298
R2352,0.9707,0.925,0.8718,0.8196,0.7697
R2353,0.9592,0.8773,0.6906,0.4648,0.2639
R2354,1.1357,1.0815,1.0074,0.909,0.8335
R2355,1.4535,1.3846,1.2927,1.198,1.0983
R2356,1.0964,0.9905,0.8243,0.5975,0.5162
R2357,0.8413,0.6468,0.3182,0.0114,0.0
R2358,0.7427,0.2593,0.0,0.0,0.0
R2359,1.0505,0.999,0.9416,0.8845,0.8501
R2360,1.108,1.0156,0.9014,0.7703,0.6707
R2361,0.7515,0.5952,0.395,0.0788,0.0
R2362,0.7763,0.7024,0.5887,0.426,0.1991
R2363,1.1675,1.1092,1.0538,1.0085,0.998
R2364,1.0356,0.9299,0.7911,0.6026,0.323
R2365,1.1793,1.1615,1.1344,1.1082,1.1058
R2366,0.7818,0.7037,0.6076,0.4982,0.3982
R2367,0.877,0.8135,0.7092,0.5547,0.3559
R2368,1.2445,1.2802,1.3041,1.3136,1.3384
R2369,1.0913,0.8636,0.2163,0.0,0.0
R2370,0.8939,0.8366,0.7684,0.6873,0.6034
R2371,0.8937,0.7959,0.6813,0.5465,0.3947
R2372,0.9762,0.9106,0.8061,0.666,0.3727
R2373,0.9029,0.8526,0.794,0.7331,0.6479
R2374,1.303,1.283,1.2507,1.2148,1.1774
R2375,1.3739,1.3204,1.27,1.2291,1.2174
R2376,0.8236,0.7799,0.7145,0.6486,0.6327
R2377,0.9193,0.4873,0.0,0.0,0.0
R2378,0.9726,0.8909,0.7916,0.6695,0.5143
R2379,1.1721,1.1466,1.1245,1.1106,1.142
R2380,1.5022,1.4452,1.3929,1.3595,1.3914
R2381,1.3872,1.3311,1.2774,1.2273,1.1005
R2382,1.0446,0.9879,0.9034,0.7827,0.6378
R2383,0.4099,0.3645,0.2972,0.209,0.0767
R2384,0.98,0.8642,0.6662,0.4247,0.2029
R2385,0.7136,0.6565,0.5834,0.4721,0.3096
R2386,1.2371,1.2287,1.2002,1.1511,1.0102
R2387,0.9486,0.8746,0.7995,0.7274,0.6788
R2388,1.0388,0.9904,0.94,0.8962,0.8887
R2389,0.9537,0.8686,0.7751,0.6783,0.5972
R2390,1.3513,1.3289,1.2825,1.2327,1.2458
R2391,0.8765,0.601,0.0,0.0,0.0
R2392,0.8699,0.7192,0.525,0.2873,0.0693
R2393,0.9567,0.9154,0.8391,0.7395,0.5561
R2394,1.0236,0.9002,0.6272,0.2214,0.1144
R2396,0.0,0.0,0.0,0.0,0.0
R2398,0.8081,0.7518,0.6831,0.5877,0.4734
R2400,0.7051,0.6615,0.5908,0.4637,0.3186
R2404,0.6604,0.5861,0.4379,0.1795,0.0
R2409,0.6271,0.5019,0.3312,0.161,0.0558
R2411,0.2531,0.1095,0.0,0.0,0.0
R2412,0.6891,0.6539,0.6136,0.5458,0.4567
R2415,0.3219,0.1004,0.0,0.0,0.0
R2424,0.1767,0.088,0.0,0.0,0.0
R2425,0.7219,0.6452,0.5287,0.3914,0.246
R2427,0.759,0.8566,0.9533,1.0071,1.0036
R2432,0.0,0.0,0.0,0.0,0.0
R2440,0.3729,0.2454,0.0626,0.0,0.0
R2443,0.0,0.0,0.0,0.0,0.0
R2448,0.7914,0.7136,0.6147,0.492,0.3699
R2452,0.8152,0.7263,0.5058,0.1202,0.0
R2455,0.6359,0.5802,0.4746,0.2853,0.0943
R2458,0.6754,0.4578,0.0645,0.0,0.0
R2459,0.6445,0.521,0.367,0.1901,0.0
R2466,0.5827,0.5438,0.4596,0.3085,0.1627
R2469,0.0,0.0,0.0,0.0,0.0
R2471,0.9113,0.7986,0.6324,0.4065,0.2921
R2478,0.4904,0.5341,0.5503,0.5149,0.569
R2480,0.0,0.0,0.0,0.0,0.0
R2482,0.5213,0.4785,0.4207,0.3424,0.2627
R2483,0.5407,0.4214,0.2383,0.0378,0.0
R2484,0.4791,0.4027,0.2286,0.0,0.0
R2487,0.437,0.3149,0.152,0.0,0.0
R2490,1.3928,1.4666,1.532,1.5691,1.5622
R2491,1.6224,1.5468,1.4105,1.2069,1.0506
R2492,0.84,0.9152,0.9307,0.8822,0.9998
R2493,1.4251,1.4349,1.4029,1.3196,1.1935
R2494,2.4016,2.4434,2.4182,2.3192,2.1597
R2495,2.4096,2.3179,2.2162,2.0946,1.9624
R2496,1.0157,0.7871,0.341,0.0,0.0
R2497,1.4483,1.4984,1.5329,1.551,1.5264
R2498,2.3579,2.3238,2.2295,2.0654,1.9822
R2499,2.4268,2.4215,2.4058,2.3885,2.4192
R2500,1.2318,1.1256,1.0007,0.8697,0.6636
R2501,2.7541,2.7311,2.6191,2.422,2.2377
R2502,1.7637,1.7808,1.7842,1.7883,1.7734
R2503,1.9801,1.9889,1.9855,1.973,1.9365
R2504,1.6378,1.6991,1.7523,1.7707,1.6713
R2505,2.0254,2.024,2.018,1.99,1.9328
R2506,1.7544,1.6554,1.5356,1.3762,1.166
R2507,1.8086,1.7589,1.7095,1.6675,1.5691
R2508,1.2209,1.1934,1.1428,1.0591,0.9327
R2509,1.1745,1.115,1.0288,0.8891,0.6903
R2510,1.1502,1.1294,1.0825,1.0013,0.9531
R2511,1.1303,1.1236,1.0785,0.9875,0.9507
R2512,2.0758,1.949,1.6453,1.2247,0.8051
R2513,1.8734,1.8139,1.7106,1.5762,1.3126
R2514,1.4396,1.3347,1.2199,1.1106,0.953
R2515,1.7178,1.7628,1.7962,1.8204,1.8181
R2516,1.8719,1.8221,1.7656,1.6987,1.6648
R2517,1.9988,2.0237,2.0151,1.9687,1.8649
R2518,1.5202,1.5117,1.4871,1.4342,1.3843
R2519,1.2944,1.1944,1.085,0.98,0.8898
R2520,1.859,1.7541,1.5943,1.4036,1.0962
R2521,1.5112,1.4324,1.3452,1.2471,1.1391
R2522,2.7834,2.7949,2.7553,2.683,2.6151
R2523,1.9516,1.9488,1.9411,1.8922,1.8427
R2524,2.1089,1.983,1.8256,1.6375,1.4351
R2525,1.8186,1.7455,1.6157,1.4518,1.2599
R2526,1.1341,1.0755,0.999,0.8921,0.7442
R2527,2.0885,1.9872,1.8519,1.6552,1.4103
R2528,2.113,2.0253,1.9452,1.8877,1.9264
R2529,2.19,2.1045,1.9593,1.7533,1.5521
R2530,1.8383,1.7934,1.7399,1.6914,1.5865
R2531,1.6072,1.4734,1.3257,1.1453,0.9532
R2532,1.6475,1.6396,1.6077,1.5519,1.5016
R2533,2.1984,2.0333,1.7908,1.4846,1.161
R2534,1.4496,1.4026,1.2966,1.1293,0.9671
R2535,1.1696,0.86,0.28,0.0,0.0
R2536,1.8262,1.7529,1.6628,1.5674,1.4683
R2537,1.4174,1.3362,1.2483,1.1666,1.034
R2539,1.7671,1.7657,1.7431,1.7065,1.7455
R2540,2.1248,2.1135,2.0724,2.0146,1.9626
R2541,1.3906,1.2313,1.0588,0.8902,0.7295
R2542,1.2667,1.2039,1.1276,1.0548,0.9947
R2543,2.2787,2.1605,1.9325,1.5825,1.3087
R2544,1.8143,1.7625,1.6899,1.6039,1.4342
R2545,2.4441,2.3129,1.9951,1.5734,1.0928
R2546,1.9235,1.9907,2.0123,1.9662,1.8816
R2547,1.799,1.7658,1.7285,1.6966,1.7133
R2548,1.6482,1.551,1.4283,1.2718,1.0913
R2549,1.9603,2.0725,2.154,2.2011,2.3997
R2551,1.7674,1.8018,1.8197,1.822,1.7704
R2552,2.4324,2.3021,2.1457,1.962,1.7715
R2553,1.7534,1.6452,1.4973,1.2784,1.0513
R2554,2.0698,1.8558,1.4825,1.0285,0.4827
R2555,1.5591,1.5246,1.4783,1.4055,1.3119
R2556,1.6608,1.2814,0.7548,0.1749,0.0
R2557,1.711,1.6909,1.6685,1.6544,1.6884
R2558,2.2438,2.2731,2.2772,2.2625,2.2813
R2559,2.0207,2.0952,2.1292,2.0958,2.0309
R2560,1.1573,1.1601,1.1643,1.1785,1.2368
R2561,2.3251,2.2755,2.2239,2.1673,2.0233
R2562,2.0892,2.1925,2.2421,2.2197,2.1879
R2563,1.6673,1.72,1.7434,1.7257,1.6481
R2564,1.7007,1.6181,1.5362,1.4382,1.3623
R2565,1.8267,1.5142,1.1798,0.8437,0.7071
R2566,2.3274,2.0707,1.7297,1.2888,0.9652
R2567,2.5061,1.9805,1.2528,0.3549,0.0
R2568,1.3736,1.3139,1.2334,1.1337,0.985
R2569,1.2642,1.1843,1.111,1.0407,0.9201
R2570,1.8864,1.941,1.9799,1.9977,1.9753
R2571,1.6706,1.7496,1.789,1.7903,1.7608
R2572,1.9275,1.8737,1.8018,1.7182,1.5898
R2573,0.8875,0.2052,0.0,0.0,0.0
R2574,2.2912,2.2986,2.2533,2.1725,2.0344
R2575,2.4061,2.1925,1.9412,1.6217,1.2531
R2576,1.7998,1.6479,1.4763,1.2929,1.1326
R2577,1.6164,1.6664,1.6983,1.6907,1.6733
R2578,1.3432,1.2584,1.1647,1.0625,0.9281
R2579,2.2447,2.2168,2.1584,2.0848,1.9906
R2581,1.6882,1.795,1.912,1.9778,1.9797
R2582,1.4938,1.495,1.4983,1.4799,1.4658
R2583,1.6535,1.6442,1.6193,1.5672,1.5131
R2584,2.4125,2.2844,2.0496,1.6908,1.4397
R2585,2.0396,2.0116,1.952,1.8724,1.788
R2586,1.7445,1.6845,1.6091,1.5384,1.4791
R2587,2.2177,1.9742,1.5284,1.0304,0.5707
R2588,2.7472,2.6234,2.474,2.326,2.143
R2589,0.7073,0.0449,0.0,0.0,0.0
R2590,0.6259,0.1769,0.0,0.0,0.0
R2591,1.4589,1.3482,1.1909,0.9793,0.7373
R2592,1.8677,1.8663,1.8541,1.8428,1.887
R2593,2.9534,2.7357,2.4835,2.1663,1.9339
R2594,1.6808,1.6039,1.4754,1.3169,1.0895
R2595,2.0922,1.998,1.896,1.7892,1.6966
R2596,1.2064,1.0178,0.7651,0.4671,0.069
R2597,1.6084,1.3851,1.0199,0.6156,0.2047
R2598,1.6819,1.6411,1.5965,1.5646,1.4939
R2599,2.4558,2.3615,2.2466,2.1123,1.9596
R2600,1.6972,1.6953,1.6635,1.6024,1.5386
R2601,1.344,1.3011,1.2552,1.2147,1.1619
R2602,1.6976,1.7878,1.8679,1.9174,1.8854
R2603,1.2274,1.0891,0.9703,0.8752,0.8574
R2604,1.5041,1.5199,1.5267,1.5383,1.5208
R2605,1.9654,2.0476,2.0922,2.0827,1.9893
R2606,2.2662,2.2223,2.1736,2.1279,2.0937
R2607,1.8152,1.762,1.6969,1.6454,1.5789
R2608,1.9065,1.8125,1.7289,1.6601,1.5997
R2609,1.6443,1.3232,0.6134,0.0,0.0
R2611,1.7007,1.643,1.5581,1.4642,1.3551
R2612,0.654,0.0,0.0,0.0,0.0
R2613,1.0532,1.0513,1.0329,1.0064,0.9342
R2614,1.738,1.7125,1.6729,1.6338,1.5913
R2615,1.8568,1.7787,1.687,1.5955,1.4595
R2616,2.526,2.494,2.3882,2.1874,1.9587
R2617,1.8685,1.8739,1.8275,1.7361,1.5181
R2618,1.5195,1.4679,1.4211,1.3837,1.3431
R2619,2.2657,2.3054,2.299,2.2412,2.1278
R2620,1.1246,0.552,0.0,0.0,0.0
R2621,2.4609,2.4,2.3028,2.193,2.0715
R2622,2.4613,2.4133,2.3566,2.3079,2.2601
R2623,2.388,2.3256,2.2389,2.1487,2.0311
R2624,2.4911,2.1945,1.7079,1.0332,0.7565
R2625,1.9566,1.8972,1.7242,1.5429,1.4873
R2626,1.8949,1.8135,1.6775,1.5224,1.2927
R2627,2.9784,2.9952,2.9363,2.7986,2.5867
R2628,2.2999,2.2868,2.2154,2.0771,1.9036
R2629,2.5661,2.5618,2.5206,2.4573,2.3811
R2630,1.9234,1.9516,1.9532,1.93,1.9005
R2631,1.7491,1.836,1.8958,1.9245,1.9139
R2632,1.0344,0.6681,0.0504,0.0,0.0
R2633,1.6562,1.7161,1.7462,1.7376,1.7143
R2634,1.7667,1.7445,1.6797,1.5777,1.4782
R2635,1.0514,1.1271,1.1849,1.2076,1.1743
R2636,1.5685,1.6776,1.7645,1.8224,1.8187
R2637,2.1542,1.8801,1.5117,1.0888,0.59
R2638,1.7697,1.7181,1.6535,1.5583,1.4413
R2639,1.9538,1.948,1.9371,1.9103,1.8349
R2640,1.0237,0.9311,0.7109,0.2612,0.0591
R2641,2.379,2.3054,2.2125,2.0874,1.9253
R2642,2.2455,2.0968,1.946,1.8027,1.6498
R2643,1.9637,1.8852,1.7775,1.6209,1.4369
R2644,1.711,1.7349,1.7419,1.7348,1.6925
R2645,1.2073,1.1263,1.0282,0.8963,0.7783
R2646,1.273,1.2449,1.2186,1.196,1.1603
R2647,1.9524,2.102,2.2318,2.3069,2.2667
R2648,1.8776,1.8125,1.7259,1.6368,1.5624
R2649,2.1047,2.115,2.1197,2.1198,2.15
R2650,1.1593,1.182,1.2012,1.2065,1.1913
R2651,1.5782,1.5899,1.5754,1.5344,1.4984
R2652,1.8787,1.8252,1.7095,1.5185,1.3499
R2653,1.7254,1.6935,1.6561,1.6251,1.58
R2654,2.0644,2.0538,2.0154,1.9637,1.901
R2655,1.8385,1.8045,1.7652,1.7219,1.6238
R2656,1.7362,1.7028,1.6558,1.6054,1.5339
R2657,1.7756,1.6751,1.5466,1.3888,1.1945
R2658,1.6107,1.596,1.5743,1.5609,1.5085
R2659,1.471,1.4828,1.4845,1.4685,1.4215
R2660,2.8092,2.7176,2.6056,2.49,2.36
R2661,1.3659,1.3708,1.3586,1.338,1.1932
R2662,2.1094,1.9456,1.7589,1.5096,1.2905
R2663,1.1941,0.8973,0.5259,0.1811,0.0
R2664,1.38,1.4614,1.5195,1.531,1.5042
R2666,1.8074,1.7325,1.6475,1.5387,1.4358
R2667,1.8673,1.6392,1.2923,0.8662,0.2596
R2668,2.0042,1.8538,1.6828,1.4991,1.3238
R2669,1.7656,1.615,1.455,1.294,1.1742
R2670,0.815,0.6602,0.4489,0.2612,0.0472
R2671,1.3262,1.2622,1.1832,1.0879,1.0159
R2672,1.2608,1.0959,0.8728,0.5872,0.3044
R2673,2.2367,2.24,2.1852,2.0675,1.9711
R2674,2.09,1.9165,1.7231,1.4917,1.186
R2675,1.7843,1.7646,1.7294,1.6955,1.6672
R2676,1.0684,1.2973,1.4527,1.5382,1.6338
R2677,2.2398,2.1077,1.9104,1.6366,1.1874
R2678,1.4944,1.4328,1.3471,1.2433,1.0926
R2679,1.4609,1.4025,1.3513,1.3074,1.233
R2680,2.1961,2.1565,2.0931,2.0014,1.8713
R2681,1.5884,1.4506,1.2797,1.0994,0.921
R2682,1.8127,1.6762,1.4543,1.1814,0.8457
R2684,0.6689,0.5842,0.4673,0.3477,0.0888
R2685,1.3924,1.4211,1.4276,1.418,1.3732
R2686,1.9246,1.7155,1.4373,1.1034,0.7601
R2687,1.5425,1.4456,1.3445,1.2558,1.1316
R2688,1.7289,1.6342,1.4729,1.2301,1.0221
R2689,1.3734,1.3016,1.2139,1.1265,1.0613
R2690,1.6666,1.7481,1.7862,1.7737,1.7057
R2693,0.662,0.7165,0.7628,0.7969,0.8403
R2694,1.5963,1.6218,1.6228,1.6058,1.5331
R2695,1.7889,1.5082,1.2426,0.9768,0.8214
R2696,1.7912,1.7212,1.6492,1.5905,1.5327
R2697,2.342,2.2461,2.1335,2.0175,1.8996
R2698,2.4468,2.3311,2.1742,1.9852,1.7727
R2699,0.6624,0.0,0.0,0.0,0.0
R2700,2.0172,1.765,1.4211,1.0291,0.5754
R2701,1.7705,1.8078,1.8261,1.7959,1.7273
R2702,1.8516,1.7953,1.6939,1.5453,1.5783
R2703,1.6016,1.5095,1.4131,1.3005,1.2131
R2704,2.094,2.0064,1.9219,1.8459,1.8031
R2705,1.5056,1.4161,1.3308,1.2663,1.2575
R2706,2.4629,2.3955,2.2808,2.1231,1.9573
R2707,2.0429,1.852,1.5918,1.2803,1.0292
R2708,2.1502,2.0824,2.0196,1.9777,2.0089
R2709,2.3598,2.419,2.4534,2.4476,2.4025
R2710,1.682,1.6987,1.6809,1.6243,1.554
R2711,1.5301,1.4298,1.2436,1.0016,0.8227
R2712,2.139,2.1327,2.121,2.1151,2.1451
R2713,1.8342,1.7323,1.6383,1.5563,1.5465
R2714,1.734,1.718,1.6877,1.6101,1.5109
R2715,1.4881,1.3921,1.2775,1.1286,0.9295
R2716,1.6874,1.7098,1.7002,1.6525,1.5781
R2717,1.1655,1.1765,1.1744,1.1464,1.1023
R2718,0.5713,0.5347,0.4796,0.4127,0.3379
R2719,1.6339,1.7606,1.8739,1.95,1.9378
R2720,1.4827,1.4984,1.486,1.4561,1.4236
R2721,1.5897,1.5986,1.5759,1.5248,1.4353
R2722,2.2641,2.2264,2.1801,2.1384,2.1104
R2723,1.5398,1.5627,1.5287,1.3937,1.3192
R2724,0.978,0.777,0.6133,0.4615,0.4001
R2725,1.4739,1.52,1.5482,1.5323,1.4816
R2726,1.0145,1.0509,1.0341,0.9436,0.8668
R2727,1.01,1.0128,0.9969,0.9678,0.9068
R2728,0.938,0.7212,0.3538,0.0,0.0
R2729,1.348,1.3194,1.2745,1.2071,1.1522
R2730,1.2767,1.2331,1.1783,1.1044,1.0143
R2731,1.9487,1.9463,1.9136,1.8668,1.8838
R2732,2.8501,2.7182,2.5794,2.4453,2.2519
R2733,3.5198,3.3906,3.2001,2.9066,2.5611
R2734,1.8906,1.848,1.7498,1.6213,1.3461
R2735,1.9383,1.9766,1.9805,1.9443,1.8626
R2736,1.5041,1.4891,1.4274,1.3083,1.177
R2737,1.2075,1.0621,0.781,0.3362,0.199
R2739,1.2207,1.147,1.08,1.013,0.9024
R2740,2.0563,2.0048,1.9003,1.74,1.6591
R2741,2.1714,1.9302,1.6679,1.3743,1.1626
R2742,1.7639,1.6533,1.4463,1.2662,1.1582
R2743,1.3996,0.8832,0.2905,0.0,0.0
R2744,1.4865,1.4817,1.4696,1.4574,1.4161
R2745,1.8291,1.8579,1.8589,1.8447,1.8313
R2746,1.3272,1.2776,1.2245,1.1687,1.1012
R2747,1.8028,1.8203,1.8251,1.8186,1.7884
R2748,1.5987,1.6005,1.5918,1.5797,1.5494
R2749,1.6991,1.6987,1.6894,1.6755,1.6667
R2750,1.6564,1.6356,1.5873,1.5212,1.5578
R2751,1.9059,1.9125,1.9142,1.9093,1.8652
R2752,1.7201,1.7047,1.6744,1.6327,1.5814
R2753,1.7245,1.7327,1.7333,1.7357,1.7474
R2754,1.6314,1.6049,1.558,1.4875,1.4894
R2755,2.0438,2.008,1.9594,1.8952,1.869
R2756,1.9276,1.9508,1.9765,2.0052,2.0326
R2757,1.657,1.6767,1.6922,1.7,1.7162
R2758,1.7047,1.6761,1.6323,1.5695,1.488
R2759,1.6309,1.6342,1.6263,1.6187,1.5819
R2760,0.7244,0.6681,0.604,0.5369,0.4616
R2761,1.4996,1.5032,1.5114,1.5264,1.5068
R2762,1.8783,1.8862,1.8828,1.8813,1.8852
R2763,2.3277,2.3099,2.2721,2.2204,2.1998
R2764,2.0452,2.0263,1.9966,1.9608,1.8828
R2765,1.5012,1.5303,1.5661,1.5984,1.6368
R2766,2.2198,2.2132,2.1943,2.1688,2.123
R2767,2.0861,2.055,2.0279,2.005,1.9567
R2768,2.1474,2.1403,2.1286,2.1082,2.0638
R2769,1.9394,1.9397,1.9278,1.9113,1.8748
R2770,1.3092,1.2582,1.2178,1.1898,1.2321
R2771,1.865,1.8559,1.8232,1.7754,1.7247
R2772,1.6562,1.6346,1.5893,1.531,1.4705
R2773,0.7955,0.5445,0.2437,0.0,0.0
R2774,0.4428,0.4467,0.4445,0.4181,0.2707
R2775,0.3962,0.3404,0.2127,0.0958,0.0
R2776,0.3762,0.224,0.1117,0.0117,0.0
R2777,0.439,0.5193,0.615,0.6746,0.5403
R2778,0.312,0.2124,0.1081,0.0,0.0
R2779,0.4945,0.5246,0.5653,0.5884,0.4863
R2780,0.0,0.0,0.0,0.0,0.0
R2781,0.5564,0.5582,0.5599,0.5544,0.464
R2782,0.4367,0.3698,0.2377,0.0324,0.0
R2783,0.6957,0.7698,0.8491,0.9106,0.9694
R2784,0.5784,0.5257,0.41,0.272,0.2072
R2785,0.7042,0.7654,0.8255,0.8647,0.8948
R2786,0.685,0.6812,0.6351,0.5291,0.4334
R2789,0.0,0.0,0.0,0.0,0.0
R2790,1.0644,1.1431,1.1096,0.9382,0.7655
R2792,0.3624,0.3295,0.2586,0.1449,0.0087
R2793,0.8149,0.9286,1.0214,1.0718,1.1613
R2796,0.4299,0.393,0.3037,0.1415,0.059
R2798,0.3023,0.2136,0.0685,0.0,0.0
R2799,0.4502,0.3108,0.1715,0.0383,0.0
R2800,0.2302,0.0448,0.0,0.0,0.0
R2801,1.0972,1.2872,1.4436,1.5476,1.6722
R2802,0.4511,0.437,0.3907,0.3028,0.184
R2803,0.0928,0.1668,0.2093,0.1909,0.1879
R2804,0.4858,0.3334,0.1345,0.0,0.0
R2805,0.4039,0.4409,0.4345,0.376,0.2875
R2806,0.5021,0.527,0.5317,0.4983,0.4466
R2807,0.5004,0.5392,0.5605,0.5397,0.4908
R2809,0.0377,0.0247,0.0,0.0,0.0
R2810,0.9844,1.1421,1.2675,1.2931,1.2703
R2811,0.8498,1.061,1.2566,1.4057,1.5056
R2812,0.0,0.0,0.0,0.0,0.0
R2813,0.7115,0.7245,0.685,0.6086,0.5297
R2814,0.0,0.0,0.0,0.0,0.0
R2815,0.7776,0.9404,1.0846,1.1825,1.2759
R2816,0.82,1.0467,1.2676,1.4376,1.5339
R2817,0.6597,0.635,0.515,0.2974,0.1298
R2819,0.6282,0.7985,0.9523,1.059,1.1447
R2821,0.0,0.0,0.0,0.0,0.0
R2822,0.0,0.0,0.0,0.0,0.0
R2823,0.4911,0.5838,0.6007,0.5497,0.5348
R2825,0.8053,0.9969,1.1772,1.3274,1.4327
R2826,0.5376,0.5611,0.5526,0.4936,0.394
R2827,0.2555,0.1663,0.0903,0.0,0.0
R2828,0.4321,0.3602,0.2901,0.1971,0.0728
R2829,0.2725,0.2838,0.2684,0.2158,0.1331
R2830,0.8071,0.8078,0.7594,0.6338,0.5349
R2833,0.0,0.0,0.0,0.0,0.0
R2834,0.2389,0.2087,0.1834,0.1449,0.1138
R2835,0.4096,0.3051,0.1584,0.0083,0.0
R2836,0.0,0.0,0.0,0.0,0.0
R2837,0.0,0.0,0.0,0.0,0.0
R2838,0.0,0.0,0.0,0.0,0.0
R2840,0.9897,1.242,1.4533,1.5876,1.6002
R2841,0.5693,0.562,0.521,0.441,0.3034
R2842,0.8481,0.9741,1.0886,1.1569,1.2051
R2843,0.0,0.0,0.0,0.0,0.0
R2844,0.7725,0.7698,0.7297,0.6642,0.6126
R2845,0.0,0.0,0.0,0.0,0.0
R2846,0.3263,0.265,0.1374,0.0,0.0
R2848,0.0,0.0,0.0,0.0,0.0
R2850,0.4195,0.2071,0.1036,0.003,0.0
R2851,0.6114,0.6007,0.5666,0.5085,0.4237
R2852,0.6075,0.718,0.7575,0.702,0.6698
R2853,0.7787,0.9952,1.1817,1.3003,1.3898
R2854,0.7579,0.7442,0.6732,0.5464,0.4596
R2855,0.3941,0.3506,0.2708,0.1377,0.0
R2856,0.8956,1.0912,1.2652,1.3994,1.4958
R2857,0.6249,0.6806,0.6834,0.6028,0.5742
R2858,0.294,0.2596,0.1903,0.0928,0.0
R2859,0.5524,0.695,0.8258,0.9115,0.9782
R2860,0.0,0.0,0.0,0.0,0.0
R2861,0.9775,1.1197,1.1951,1.2027,1.285
R2862,0.4272,0.4063,0.3631,0.3084,0.2439
R2863,0.5113,0.5357,0.5213,0.4496,0.4269
R2872,0.9255,1.0653,1.193,1.2402,1.2505
R2873,0.1235,0.0278,0.0,0.0,0.0
R2874,0.4726,0.6057,0.7111,0.7661,0.8061
R2875,0.3147,0.1405,0.0,0.0,0.0
R2876,0.2882,0.2677,0.2286,0.1624,0.085
R2878,0.2957,0.3301,0.3484,0.331,0.3116
R2879,0.0,0.0,0.0,0.0,0.0
R2881,0.0,0.0,0.0,0.0,0.0
R2882,0.5275,0.6512,0.7634,0.8443,0.9144
R2883,0.5553,0.5478,0.45,0.215,0.0544
R2887,0.0,0.0,0.0,0.0,0.0
R2888,0.1774,0.0895,0.0314,0.0,0.0
R2889,0.3576,0.2857,0.1575,0.0,0.0
R2891,0.6344,0.6877,0.7201,0.702,0.6916
R2892,0.8642,1.0329,1.1879,1.2975,1.4013
R2893,0.9711,1.087,1.1957,1.2493,1.2599
R2896,0.2843,0.0854,0.0,0.0,0.0
R2898,0.9422,1.1227,1.2951,1.4397,1.5737
R2899,0.6038,0.7593,0.8617,0.8854,0.9064
R2902,0.8076,1.0331,1.246,1.4015,1.446
R2903,0.8614,1.0906,1.3038,1.4424,1.5255
R2904,0.6167,0.6654,0.6767,0.6133,0.5473
R2907,0.4895,0.3092,0.1534,0.0117,0.0
R2908,0.7164,0.7276,0.7095,0.6524,0.5864
R2911,0.1209,0.0931,0.015,0.0,0.0
R2912,0.3565,0.3269,0.2783,0.2035,0.1263
R2914,0.5379,0.5124,0.4453,0.3295,0.2476
R2919,0.0592,0.0275,0.0,0.0,0.0
R2921,0.8372,0.9648,1.0669,1.1263,1.1674
R2922,0.9938,0.9889,0.9869,0.99,1.0137
R2923,1.0549,1.1387,1.2106,1.2543,1.2814
R2924,0.9671,1.0245,1.1054,1.2133,1.4918
R2925,0.5823,0.6213,0.6712,0.7234,0.8483
R2926,0.6234,0.5939,0.5344,0.4444,0.2544
R2927,0.7054,0.6851,0.661,0.632,0.5875
R2928,0.5915,0.7518,0.9191,1.0724,1.4032
R2929,0.9969,1.0328,1.0439,1.0253,0.9907
R2930,0.9757,1.1045,1.2488,1.4114,1.6119
R2931,1.1775,1.2338,1.3049,1.3935,1.4199
R2932,0.7123,0.6557,0.5657,0.4444,0.2903
R2933,1.3824,1.4447,1.5068,1.5831,1.792
R2934,0.027,0.1604,0.29,0.4109,0.7735
R2935,0.4449,0.3597,0.2246,0.0565,0.0
R2936,0.5625,0.7546,0.94,1.0903,1.2516
R2937,0.7698,0.7806,0.8024,0.8354,0.9069
R2938,0.5329,0.5832,0.6218,0.6327,0.5992
R2939,0.9351,0.9795,1.0387,1.1024,1.1625
R2940,0.9991,1.0926,1.1848,1.2552,1.3242
R2941,0.8536,0.9133,1.0026,1.1276,1.313
R2942,1.0556,1.1368,1.2274,1.3402,1.5694
R2943,1.0645,1.0921,1.1426,1.1665,1.0737
R2944,0.8922,0.9651,1.0504,1.1462,1.2177
R2945,0.1734,0.0,0.0,0.0,0.0
R2946,0.8275,0.8409,0.8594,0.867,0.8657
R2947,0.9133,0.9682,1.0461,1.1523,1.2972
R2948,0.6387,0.6858,0.7669,0.862,0.8778
R2949,0.5519,0.4152,0.2035,0.0,0.0
R2950,0.8935,0.8392,0.681,0.3951,0.1154
R2951,0.7278,0.7807,0.8506,0.932,1.0875
R2952,0.9735,1.065,1.1724,1.3036,1.5594
R2953,1.036,1.0856,1.1648,1.2791,1.4411
R2954,0.751,0.7391,0.6254,0.4376,0.2758
R2955,0.8528,0.9348,1.0444,1.1778,1.3088
R2956,1.0744,1.1304,1.1972,1.279,1.3278
R2957,1.1509,1.0981,1.0364,0.9456,0.786
R2958,0.8125,0.7938,0.7536,0.6823,0.61
R2959,1.0549,1.1209,1.2055,1.2938,1.3971
R2961,0.0,0.0,0.0,0.0,0.0
R2962,0.0,0.0,0.0,0.0,0.0
R2964,0.0,0.0,0.0,0.0,0.0
R2969,0.0587,0.0,0.0,0.0,0.0
R2974,0.0,0.0,0.0,0.0,0.0
R2977,0.0076,0.0,0.0,0.0,0.0
R2979,0.0,0.0,0.0,0.0,0.0
R2981,0.0,0.0,0.0,0.0,0.0
R2982,0.3429,0.4013,0.4318,0.4218,0.4192
R2983,0.3895,0.2105,0.0343,0.0,0.0
R2984,0.0,0.0,0.0,0.0,0.0
R2985,0.2735,0.3413,0.4011,0.4288,0.3461
R2986,0.0,0.0,0.0,0.0,0.0
R2987,0.0,0.0,0.0,0.0,0.0
R2990,0.0,0.0,0.0,0.0,0.0
R2991,0.0,0.0,0.0,0.0,0.0
R2994,0.1982,0.3256,0.4259,0.4996,0.6415
R2998,0.0538,0.0999,0.0848,0.0132,0.0
R2999,0.0,0.0,0.0,0.0,0.0
R3000,0.0,0.0,0.0,0.0,0.0
R3003,0.0,0.0,0.0,0.0,0.0
R3004,0.1697,0.0514,0.0,0.0,0.0
R3007,0.0,0.0,0.0,0.0,0.0
R3011,0.0,0.0,0.0,0.0,0.0
R3014,0.0664,0.1087,0.1108,0.0675,0.0522
R3017,0.0226,0.0,0.0,0.0,0.0
R3020,0.6663,0.5389,0.2881,0.0026,0.0
R3021,0.4291,0.0,0.0,0.0,0.0
R3031,0.4558,0.0911,0.0,0.0,0.0
R3062,0.532,0.0416,0.0,0.0,0.0
R3063,0.1787,0.0,0.0,0.0,0.0
R3070,0.5757,0.2956,0.0,0.0,0.0
R3073,0.0,0.0,0.0,0.0,0.0
R3076,0.0,0.0,0.0,0.0,0.0
R3087,0.8284,0.8013,0.7717,0.76,0.716
R3088,0.8436,0.7688,0.6485,0.4376,0.1202
R3089,0.9401,0.902,0.8556,0.8063,0.7271
R3090,1.1391,1.1422,1.1233,1.0944,1.082
R3091,1.0302,0.9453,0.7706,0.4576,0.3745
R3092,0.8265,0.7514,0.6689,0.5953,0.5249
R3093,0.8498,0.8073,0.7427,0.6621,0.5441
R3094,0.9763,0.9252,0.8573,0.7695,0.5795
R3095,0.5655,0.5395,0.5051,0.4768,0.5095
R3096,0.657,0.6594,0.6369,0.5845,0.5177
R3097,0.7181,0.6892,0.6613,0.643,0.6693
R3098,0.859,0.8521,0.8453,0.8378,0.7904
R3099,0.9632,0.9343,0.8959,0.8531,0.7589
R3100,1.2106,1.1804,1.1556,1.1508,1.1976
R3101,0.0,0.0,0.0,0.0,0.0
R3102,0.8201,0.7432,0.5474,0.2226,0.1346
R3103,0.0943,0.0,0.0,0.0,0.0
R3104,0.8601,0.8377,0.8178,0.8014,0.8227
R3105,1.3072,1.2977,1.2771,1.262,1.2359
R3107,1.0602,1.003,0.9325,0.8526,0.7753
R3108,1.193,1.1593,1.1119,1.0506,0.9893
