epoch,lr-Adam,step,train_loss_epoch,train_loss_step,val_MAE,val_MAPE,val_RMSE,val_SMAPE,val_loss
,0.001,0,,,,,,,
0,,19,,1.076303243637085,,,,,
0,,39,,0.9986723065376282,,,,,
0,,59,,0.8695054054260254,,,,,
0,,79,,0.8826223611831665,,,,,
0,,99,,0.9338547587394714,,,,,
0,,119,,0.8240543603897095,,,,,
0,,139,,0.8528095483779907,,,,,
0,,159,,0.8473569750785828,,,,,
0,,179,,0.7760030031204224,,,,,
0,,199,,0.9331015348434448,,,,,
0,,219,,0.9048758745193481,,,,,
0,,239,,0.8861322402954102,,,,,
0,,259,,0.8464237451553345,,,,,
0,,279,,0.8178249597549438,,,,,
0,,299,,0.7260645627975464,,,,,
0,,319,,0.8280662298202515,,,,,
0,,339,,0.8844566345214844,,,,,
0,,359,,1.0006153583526611,,,,,
0,,379,,0.749731183052063,,,,,
0,,399,,0.9237629771232605,,,,,
0,,419,,0.8152412176132202,,,,,
0,,439,,0.7146250009536743,,,,,
0,,459,,0.7282376289367676,,,,,
0,,479,,0.773520827293396,,,,,
0,,499,,0.6511421799659729,,,,,
0,,519,,0.6908443570137024,,,,,
0,,539,,0.7533498406410217,,,,,
0,,559,,0.7134019136428833,,,,,
0,,579,,0.819858729839325,,,,,
0,,599,,0.8083335757255554,,,,,
0,,619,,0.7198784947395325,,,,,
0,,639,,0.6366066932678223,,,,,
0,,659,,0.6342595219612122,,,,,
0,,679,,0.6267471313476562,,,,,
0,,699,,0.7612589597702026,,,,,
0,,719,,0.6247419118881226,,,,,
0,,739,,0.612054169178009,,,,,
0,,759,,0.5732309222221375,,,,,
0,,779,,0.6363199949264526,,,,,
0,,799,,0.628500759601593,,,,,
0,,819,,0.8073686361312866,,,,,
0,,839,,0.6101309657096863,,,,,
0,,859,,0.6019942164421082,,,,,
0,,879,,0.6430110931396484,,,,,
0,,899,,0.6438583135604858,,,,,
0,,919,,0.6573306918144226,,,,,
0,,939,,0.5694608092308044,,,,,
0,,959,,0.558000385761261,,,,,
0,,979,,0.5164895057678223,,,,,
0,,999,,0.5888410806655884,,,,,
0,,1019,,0.6396195292472839,,,,,
0,,1039,,0.5598344802856445,,,,,
0,,1059,,0.5529578924179077,,,,,
0,,1079,,0.4871278703212738,,,,,
0,,1099,,0.5192591547966003,,,,,
0,,1119,,0.5544518232345581,,,,,
0,,1139,,0.5702698230743408,,,,,
0,,1159,,0.6879789233207703,,,,,
0,,1179,,0.5786987543106079,,,,,
0,,1199,,0.5797345042228699,,,,,
0,,1219,,0.6810370087623596,,,,,
0,,1239,,0.5507327914237976,,,,,
0,,1259,,0.5883886218070984,,,,,
0,,1279,,0.6487224102020264,,,,,
0,,1299,,0.5311000347137451,,,,,
0,,1319,,0.5670361518859863,,,,,
0,,1339,,0.5082358121871948,,,,,
0,,1359,,0.5412060618400574,,,,,
0,,1379,,0.5047628283500671,,,,,
0,,1399,,0.5135840773582458,,,,,
0,,1419,,0.49970608949661255,,,,,
0,,1439,,0.5191581845283508,,,,,
0,,1459,,0.5212920904159546,,,,,
0,,1479,,0.5464476346969604,,,,,
0,,1499,,0.5656213164329529,,,,,
0,,1519,,0.4635394215583801,,,,,
0,,1539,,0.5521352887153625,,,,,
0,,1559,,0.4960119128227234,,,,,
0,,1579,,0.5338786840438843,,,,,
0,,1599,,0.5906121134757996,,,,,
0,,1619,,0.5350658297538757,,,,,
0,,1639,,0.4839995801448822,,,,,
0,,1659,,0.47722625732421875,,,,,
0,,1679,,0.48458394408226013,,,,,
0,,1699,,0.558040976524353,,,,,
0,,1719,,0.4825831353664398,,,,,
0,,1739,,0.5786206126213074,,,,,
0,,1759,,0.49297887086868286,,,,,
0,,1779,,0.48350515961647034,,,,,
0,,1799,,0.4568255543708801,,,,,
0,,1819,,0.48417291045188904,,,,,
0,,1839,,0.47618135809898376,,,,,
0,,1859,,0.4567772448062897,,,,,
0,,1879,,0.5378921627998352,,,,,
0,,1899,,0.5201725363731384,,,,,
0,,1919,,0.4664364457130432,,,,,
0,,1939,,0.4569946229457855,,,,,
0,,1959,,0.4451785981655121,,,,,
0,,1979,,0.44311922788619995,,,,,
0,,1999,,0.44687169790267944,,,,,
0,,2019,,0.424754798412323,,,,,
0,,2039,,0.5381007790565491,,,,,
0,,2059,,0.5271179676055908,,,,,
0,,2079,,0.4257826805114746,,,,,
0,,2099,,0.4829954206943512,,,,,
0,,2119,,0.5034891366958618,,,,,
0,,2139,,0.5406513214111328,,,,,
0,,2159,,0.4945339262485504,,,,,
0,,2179,,0.43756556510925293,,,,,
0,,2199,,0.476195752620697,,,,,
0,,2219,,0.4812774658203125,,,,,
0,,2239,,0.5544525384902954,,,,,
0,,2259,,0.5280469059944153,,,,,
0,,2279,,0.4939650595188141,,,,,
0,,2299,,0.4754277169704437,,,,,
0,,2319,,0.5319660902023315,,,,,
0,,2339,,0.4201112389564514,,,,,
0,,2359,,0.5137434005737305,,,,,
0,,2379,,0.5120621919631958,,,,,
0,,2399,,0.4563029408454895,,,,,
0,,2419,,0.4947592616081238,,,,,
0,,2439,,0.5012527704238892,,,,,
0,,2459,,0.5712109804153442,,,,,
0,,2479,,0.47756823897361755,,,,,
0,,2499,,0.43752527236938477,,,,,
0,,2519,,0.4786554276943207,,,,,
0,,2539,,0.4769521653652191,,,,,
0,,2559,,0.41934967041015625,,,,,
0,,2579,,0.44941624999046326,,,,,
0,,2599,,0.4865027368068695,,,,,
0,,2619,,0.5335744619369507,,,,,
0,,2639,,0.469724178314209,,,,,
0,,2659,,0.5515053272247314,,,,,
0,,2679,,0.41171902418136597,,,,,
0,,2699,,0.5017902255058289,,,,,
0,,2719,,0.4584988057613373,,,,,
0,,2739,,0.545200526714325,,,,,
0,,2759,,0.4796375632286072,,,,,
0,,2779,,0.5267890095710754,,,,,
0,,2799,,0.4689658284187317,,,,,
0,,2819,,0.5178000926971436,,,,,
0,,2839,,0.425037145614624,,,,,
0,,2859,,0.49130550026893616,,,,,
0,,2861,,,0.8113772869110107,5914813.0,0.883791983127594,2.009894609451294,0.5199174880981445
0,,2861,0.6060823202133179,,,,,,
,0.001,2862,,,,,,,
1,,2879,,0.47457990050315857,,,,,
1,,2899,,0.4890170991420746,,,,,
1,,2919,,0.4430808126926422,,,,,
1,,2939,,0.5126242637634277,,,,,
1,,2959,,0.48925894498825073,,,,,
1,,2979,,0.5193449258804321,,,,,
1,,2999,,0.46240195631980896,,,,,
1,,3019,,0.5318659543991089,,,,,
1,,3039,,0.4579533636569977,,,,,
1,,3059,,0.421435683965683,,,,,
1,,3079,,0.4692344665527344,,,,,
1,,3099,,0.48051875829696655,,,,,
1,,3119,,0.3951890766620636,,,,,
1,,3139,,0.47799214720726013,,,,,
1,,3159,,0.4872400164604187,,,,,
1,,3179,,0.4757247567176819,,,,,
1,,3199,,0.46742144227027893,,,,,
1,,3219,,0.46605128049850464,,,,,
1,,3239,,0.46614694595336914,,,,,
1,,3259,,0.4184148907661438,,,,,
1,,3279,,0.508073091506958,,,,,
1,,3299,,0.43606072664260864,,,,,
1,,3319,,0.3724178671836853,,,,,
1,,3339,,0.45161905884742737,,,,,
1,,3359,,0.5151035785675049,,,,,
1,,3379,,0.42692238092422485,,,,,
1,,3399,,0.4953039288520813,,,,,
1,,3419,,0.47049903869628906,,,,,
1,,3439,,0.4727700352668762,,,,,
1,,3459,,0.4083409309387207,,,,,
1,,3479,,0.3648933470249176,,,,,
1,,3499,,0.37256181240081787,,,,,
1,,3519,,0.3573249876499176,,,,,
1,,3539,,0.4333452582359314,,,,,
1,,3559,,0.40633583068847656,,,,,
1,,3579,,0.4496585428714752,,,,,
1,,3599,,0.3300999701023102,,,,,
1,,3619,,0.4309764802455902,,,,,
1,,3639,,0.3675094246864319,,,,,
1,,3659,,0.42679327726364136,,,,,
1,,3679,,0.3688812255859375,,,,,
1,,3699,,0.3878074288368225,,,,,
1,,3719,,0.41246241331100464,,,,,
1,,3739,,0.37800702452659607,,,,,
1,,3759,,0.4552597403526306,,,,,
1,,3779,,0.44350624084472656,,,,,
1,,3799,,0.38937515020370483,,,,,
1,,3819,,0.3467934727668762,,,,,
1,,3839,,0.371404230594635,,,,,
1,,3859,,0.32180163264274597,,,,,
1,,3879,,0.3548199534416199,,,,,
1,,3899,,0.4185909330844879,,,,,
1,,3919,,0.3869694769382477,,,,,
1,,3939,,0.3541577160358429,,,,,
1,,3959,,0.3394871652126312,,,,,
1,,3979,,0.38048824667930603,,,,,
1,,3999,,0.3976491093635559,,,,,
1,,4019,,0.36118340492248535,,,,,
1,,4039,,0.36042994260787964,,,,,
1,,4059,,0.34017929434776306,,,,,
1,,4079,,0.3031449615955353,,,,,
1,,4099,,0.41092410683631897,,,,,
1,,4119,,0.3478160798549652,,,,,
1,,4139,,0.3350594937801361,,,,,
1,,4159,,0.37035638093948364,,,,,
1,,4179,,0.38794997334480286,,,,,
1,,4199,,0.4150579869747162,,,,,
1,,4219,,0.4177773892879486,,,,,
1,,4239,,0.3749310374259949,,,,,
1,,4259,,0.36660322546958923,,,,,
1,,4279,,0.3608202040195465,,,,,
1,,4299,,0.369472861289978,,,,,
1,,4319,,0.34681305289268494,,,,,
1,,4339,,0.3584452271461487,,,,,
1,,4359,,0.33240562677383423,,,,,
1,,4379,,0.3482632637023926,,,,,
1,,4399,,0.3873752951622009,,,,,
1,,4419,,0.4138769209384918,,,,,
1,,4439,,0.3369295299053192,,,,,
1,,4459,,0.329696387052536,,,,,
1,,4479,,0.37546390295028687,,,,,
1,,4499,,0.36224812269210815,,,,,
1,,4519,,0.3462435305118561,,,,,
1,,4539,,0.352505624294281,,,,,
1,,4559,,0.3530576527118683,,,,,
1,,4579,,0.3417101204395294,,,,,
1,,4599,,0.34830814599990845,,,,,
1,,4619,,0.4208044111728668,,,,,
1,,4639,,0.31816697120666504,,,,,
1,,4659,,0.36691322922706604,,,,,
1,,4679,,0.387988805770874,,,,,
1,,4699,,0.38853707909584045,,,,,
1,,4719,,0.37023481726646423,,,,,
1,,4739,,0.3186575174331665,,,,,
1,,4759,,0.34649473428726196,,,,,
1,,4779,,0.3909037709236145,,,,,
1,,4799,,0.33488893508911133,,,,,
1,,4819,,0.3361225724220276,,,,,
1,,4839,,0.41161665320396423,,,,,
1,,4859,,0.35003912448883057,,,,,
1,,4879,,0.30972355604171753,,,,,
1,,4899,,0.33963173627853394,,,,,
1,,4919,,0.36714810132980347,,,,,
1,,4939,,0.3571869730949402,,,,,
1,,4959,,0.35013729333877563,,,,,
1,,4979,,0.35679274797439575,,,,,
1,,4999,,0.3882046341896057,,,,,
1,,5019,,0.40476638078689575,,,,,
1,,5039,,0.3304295837879181,,,,,
1,,5059,,0.33371371030807495,,,,,
1,,5079,,0.38245683908462524,,,,,
1,,5099,,0.34560757875442505,,,,,
1,,5119,,0.34530577063560486,,,,,
1,,5139,,0.32358744740486145,,,,,
1,,5159,,0.31582099199295044,,,,,
1,,5179,,0.34577465057373047,,,,,
1,,5199,,0.3296143412590027,,,,,
1,,5219,,0.35921043157577515,,,,,
1,,5239,,0.39598387479782104,,,,,
1,,5259,,0.37560707330703735,,,,,
1,,5279,,0.3684786260128021,,,,,
1,,5299,,0.39301785826683044,,,,,
1,,5319,,0.34007325768470764,,,,,
1,,5339,,0.3493310809135437,,,,,
1,,5359,,0.35685646533966064,,,,,
1,,5379,,0.40697067975997925,,,,,
1,,5399,,0.3288455605506897,,,,,
1,,5419,,0.4280133843421936,,,,,
1,,5439,,0.37262478470802307,,,,,
1,,5459,,0.3564727306365967,,,,,
1,,5479,,0.33553892374038696,,,,,
1,,5499,,0.36690038442611694,,,,,
1,,5519,,0.3374570310115814,,,,,
1,,5539,,0.4021514356136322,,,,,
1,,5559,,0.39377760887145996,,,,,
1,,5579,,0.35729214549064636,,,,,
1,,5599,,0.30820029973983765,,,,,
1,,5619,,0.37258487939834595,,,,,
1,,5639,,0.3210524618625641,,,,,
1,,5659,,0.4234549403190613,,,,,
1,,5679,,0.31157276034355164,,,,,
1,,5699,,0.31178542971611023,,,,,
1,,5719,,0.3232381343841553,,,,,
1,,5723,,,0.8246798515319824,7365071.0,0.8946078419685364,2.3421130180358887,0.4744119644165039
1,,5723,0.3911558985710144,,,,,,
,0.001,5724,,,,,,,
2,,5739,,0.35580652952194214,,,,,
2,,5759,,0.37555450201034546,,,,,
2,,5779,,0.40942731499671936,,,,,
2,,5799,,0.341065913438797,,,,,
2,,5819,,0.33627432584762573,,,,,
2,,5839,,0.30173444747924805,,,,,
2,,5859,,0.34470129013061523,,,,,
2,,5879,,0.3459879159927368,,,,,
2,,5899,,0.3541077673435211,,,,,
2,,5919,,0.33605819940567017,,,,,
2,,5939,,0.38858896493911743,,,,,
2,,5959,,0.3552921414375305,,,,,
2,,5979,,0.33079591393470764,,,,,
2,,5999,,0.36350566148757935,,,,,
2,,6019,,0.292762815952301,,,,,
2,,6039,,0.35812094807624817,,,,,
2,,6059,,0.3495391011238098,,,,,
2,,6079,,0.2927697002887726,,,,,
2,,6099,,0.3329886794090271,,,,,
2,,6119,,0.3879243731498718,,,,,
2,,6139,,0.37286168336868286,,,,,
2,,6159,,0.33406928181648254,,,,,
2,,6179,,0.32043588161468506,,,,,
2,,6199,,0.3350205719470978,,,,,
2,,6219,,0.37026119232177734,,,,,
2,,6239,,0.3822020888328552,,,,,
2,,6259,,0.33789291977882385,,,,,
2,,6279,,0.29726696014404297,,,,,
2,,6299,,0.3336341977119446,,,,,
2,,6319,,0.3693620264530182,,,,,
2,,6339,,0.32195767760276794,,,,,
2,,6359,,0.34850364923477173,,,,,
2,,6379,,0.3312758207321167,,,,,
2,,6399,,0.3397693336009979,,,,,
2,,6419,,0.29825860261917114,,,,,
2,,6439,,0.3204107880592346,,,,,
2,,6459,,0.33388811349868774,,,,,
2,,6479,,0.3092593848705292,,,,,
2,,6499,,0.3513367772102356,,,,,
2,,6519,,0.3052554726600647,,,,,
2,,6539,,0.3115551173686981,,,,,
2,,6559,,0.34663811326026917,,,,,
2,,6579,,0.3575209677219391,,,,,
2,,6599,,0.3303185999393463,,,,,
2,,6619,,0.2944892346858978,,,,,
2,,6639,,0.2773164212703705,,,,,
2,,6659,,0.38072341680526733,,,,,
2,,6679,,0.31238535046577454,,,,,
2,,6699,,0.40025991201400757,,,,,
2,,6719,,0.3482350707054138,,,,,
2,,6739,,0.33614450693130493,,,,,
2,,6759,,0.3283160328865051,,,,,
2,,6779,,0.3813595175743103,,,,,
2,,6799,,0.3424389362335205,,,,,
2,,6819,,0.350703626871109,,,,,
2,,6839,,0.3563154339790344,,,,,
2,,6859,,0.3811076879501343,,,,,
2,,6879,,0.3028472363948822,,,,,
2,,6899,,0.3678221106529236,,,,,
2,,6919,,0.3209826648235321,,,,,
2,,6939,,0.3280872702598572,,,,,
2,,6959,,0.30971890687942505,,,,,
2,,6979,,0.31351152062416077,,,,,
2,,6999,,0.32972732186317444,,,,,
2,,7019,,0.311942994594574,,,,,
2,,7039,,0.3347070813179016,,,,,
2,,7059,,0.3553064465522766,,,,,
2,,7079,,0.3516691327095032,,,,,
2,,7099,,0.417987197637558,,,,,
2,,7119,,0.34713461995124817,,,,,
2,,7139,,0.34893864393234253,,,,,
2,,7159,,0.36548155546188354,,,,,
2,,7179,,0.3319353461265564,,,,,
2,,7199,,0.35055112838745117,,,,,
2,,7219,,0.2924825847148895,,,,,
2,,7239,,0.26496797800064087,,,,,
2,,7259,,0.3458099961280823,,,,,
2,,7279,,0.33269158005714417,,,,,
2,,7299,,0.2769550681114197,,,,,
2,,7319,,0.303844153881073,,,,,
2,,7339,,0.3026512563228607,,,,,
2,,7359,,0.34957149624824524,,,,,
2,,7379,,0.37099549174308777,,,,,
2,,7399,,0.327213317155838,,,,,
2,,7419,,0.30130892992019653,,,,,
2,,7439,,0.3136153221130371,,,,,
2,,7459,,0.3087061643600464,,,,,
2,,7479,,0.3134921193122864,,,,,
2,,7499,,0.3139985203742981,,,,,
2,,7519,,0.2935353219509125,,,,,
2,,7539,,0.2942044138908386,,,,,
2,,7559,,0.3128257393836975,,,,,
2,,7579,,0.329641193151474,,,,,
2,,7599,,0.3066827356815338,,,,,
2,,7619,,0.26010531187057495,,,,,
2,,7639,,0.33799704909324646,,,,,
2,,7659,,0.3543439507484436,,,,,
2,,7679,,0.2778927683830261,,,,,
2,,7699,,0.3025568723678589,,,,,
2,,7719,,0.3386378884315491,,,,,
2,,7739,,0.2822777032852173,,,,,
2,,7759,,0.367872029542923,,,,,
2,,7779,,0.27758973836898804,,,,,
2,,7799,,0.27698057889938354,,,,,
2,,7819,,0.321716845035553,,,,,
2,,7839,,0.30856218934059143,,,,,
2,,7859,,0.28282037377357483,,,,,
2,,7879,,0.2759549021720886,,,,,
2,,7899,,0.33118653297424316,,,,,
2,,7919,,0.29594188928604126,,,,,
2,,7939,,0.29789188504219055,,,,,
2,,7959,,0.31841856241226196,,,,,
2,,7979,,0.3491218090057373,,,,,
2,,7999,,0.3200344443321228,,,,,
2,,8019,,0.2947736084461212,,,,,
2,,8039,,0.3000369071960449,,,,,
2,,8059,,0.33155739307403564,,,,,
2,,8079,,0.3242839276790619,,,,,
2,,8099,,0.32795092463493347,,,,,
2,,8119,,0.25368109345436096,,,,,
2,,8139,,0.2747341990470886,,,,,
2,,8159,,0.28451916575431824,,,,,
2,,8179,,0.2925272583961487,,,,,
2,,8199,,0.29516586661338806,,,,,
2,,8219,,0.2500063478946686,,,,,
2,,8239,,0.32782572507858276,,,,,
2,,8259,,0.290757417678833,,,,,
2,,8279,,0.3090682625770569,,,,,
2,,8299,,0.27347758412361145,,,,,
2,,8319,,0.2750522196292877,,,,,
2,,8339,,0.28239521384239197,,,,,
2,,8359,,0.29745617508888245,,,,,
2,,8379,,0.2940671741962433,,,,,
2,,8399,,0.2711835503578186,,,,,
2,,8419,,0.2669603228569031,,,,,
2,,8439,,0.3211337924003601,,,,,
2,,8459,,0.3308817744255066,,,,,
2,,8479,,0.2913047671318054,,,,,
2,,8499,,0.29127344489097595,,,,,
2,,8519,,0.29187464714050293,,,,,
2,,8539,,0.31641149520874023,,,,,
2,,8559,,0.3234429955482483,,,,,
2,,8579,,0.2699088156223297,,,,,
2,,8585,,,0.8678050637245178,4455803.5,0.9409338235855103,2.316991090774536,0.4967917203903198
2,,8585,0.3247361481189728,,,,,,
,0.001,8586,,,,,,,
3,,8599,,0.32637104392051697,,,,,
3,,8619,,0.3128262162208557,,,,,
3,,8639,,0.2624034881591797,,,,,
3,,8659,,0.2882271409034729,,,,,
3,,8679,,0.34467843174934387,,,,,
3,,8699,,0.28084293007850647,,,,,
3,,8719,,0.3256484866142273,,,,,
3,,8739,,0.2543954849243164,,,,,
3,,8759,,0.29511594772338867,,,,,
3,,8779,,0.287168025970459,,,,,
3,,8799,,0.3181261420249939,,,,,
3,,8819,,0.28276270627975464,,,,,
3,,8839,,0.32339853048324585,,,,,
3,,8859,,0.27929186820983887,,,,,
3,,8879,,0.2663477957248688,,,,,
3,,8899,,0.23566865921020508,,,,,
3,,8919,,0.28338003158569336,,,,,
3,,8939,,0.277977854013443,,,,,
3,,8959,,0.3138757348060608,,,,,
3,,8979,,0.28857317566871643,,,,,
3,,8999,,0.2829718589782715,,,,,
3,,9019,,0.2747875154018402,,,,,
3,,9039,,0.324165403842926,,,,,
3,,9059,,0.2989077866077423,,,,,
3,,9079,,0.3173326551914215,,,,,
3,,9099,,0.2997150421142578,,,,,
3,,9119,,0.29767730832099915,,,,,
3,,9139,,0.2630707621574402,,,,,
3,,9159,,0.338858425617218,,,,,
3,,9179,,0.33924561738967896,,,,,
3,,9199,,0.3248606324195862,,,,,
3,,9219,,0.30666419863700867,,,,,
3,,9239,,0.29100632667541504,,,,,
3,,9259,,0.29371732473373413,,,,,
3,,9279,,0.31148260831832886,,,,,
3,,9299,,0.2632679343223572,,,,,
3,,9319,,0.2977171540260315,,,,,
3,,9339,,0.278452068567276,,,,,
3,,9359,,0.3411474823951721,,,,,
3,,9379,,0.2544679641723633,,,,,
3,,9399,,0.2969347834587097,,,,,
3,,9419,,0.3278014659881592,,,,,
3,,9439,,0.3181876838207245,,,,,
3,,9459,,0.30802497267723083,,,,,
3,,9479,,0.3360661268234253,,,,,
3,,9499,,0.3040322959423065,,,,,
3,,9519,,0.26652616262435913,,,,,
3,,9539,,0.2595676779747009,,,,,
3,,9559,,0.30862918496131897,,,,,
3,,9579,,0.3020941913127899,,,,,
3,,9599,,0.2782573997974396,,,,,
3,,9619,,0.2564387917518616,,,,,
3,,9639,,0.24506446719169617,,,,,
3,,9659,,0.3132571280002594,,,,,
3,,9679,,0.29948529601097107,,,,,
3,,9699,,0.3013882040977478,,,,,
3,,9719,,0.28962916135787964,,,,,
3,,9739,,0.2696356177330017,,,,,
3,,9759,,0.31294578313827515,,,,,
3,,9779,,0.22841954231262207,,,,,
3,,9799,,0.2778971493244171,,,,,
3,,9819,,0.298505574464798,,,,,
3,,9839,,0.29946357011795044,,,,,
3,,9859,,0.3010832369327545,,,,,
3,,9879,,0.24941810965538025,,,,,
3,,9899,,0.2796321511268616,,,,,
3,,9919,,0.24105075001716614,,,,,
3,,9939,,0.2865985035896301,,,,,
3,,9959,,0.31420356035232544,,,,,
3,,9979,,0.29071927070617676,,,,,
3,,9999,,0.28033995628356934,,,,,
3,,10019,,0.29007887840270996,,,,,
3,,10039,,0.24104276299476624,,,,,
3,,10059,,0.2615792155265808,,,,,
3,,10079,,0.27292656898498535,,,,,
3,,10099,,0.2892626225948334,,,,,
3,,10119,,0.26722264289855957,,,,,
3,,10139,,0.28143277764320374,,,,,
3,,10159,,0.2835530638694763,,,,,
3,,10179,,0.3095635771751404,,,,,
3,,10199,,0.266879141330719,,,,,
3,,10219,,0.2990017533302307,,,,,
3,,10239,,0.2732814848423004,,,,,
3,,10259,,0.2533476948738098,,,,,
3,,10279,,0.25190240144729614,,,,,
3,,10299,,0.27598682045936584,,,,,
3,,10319,,0.30320414900779724,,,,,
3,,10339,,0.2636934518814087,,,,,
3,,10359,,0.2820342183113098,,,,,
3,,10379,,0.2854590117931366,,,,,
3,,10399,,0.3108309209346771,,,,,
3,,10419,,0.2577262222766876,,,,,
3,,10439,,0.31726229190826416,,,,,
3,,10459,,0.28862255811691284,,,,,
3,,10479,,0.2864731550216675,,,,,
3,,10499,,0.27291733026504517,,,,,
3,,10519,,0.2929500639438629,,,,,
3,,10539,,0.25042250752449036,,,,,
3,,10559,,0.28406280279159546,,,,,
3,,10579,,0.24085712432861328,,,,,
3,,10599,,0.2881801128387451,,,,,
3,,10619,,0.2901774048805237,,,,,
3,,10639,,0.3052433431148529,,,,,
3,,10659,,0.2906721234321594,,,,,
3,,10679,,0.26297634840011597,,,,,
3,,10699,,0.3382773995399475,,,,,
3,,10719,,0.24998469650745392,,,,,
3,,10739,,0.27852684259414673,,,,,
3,,10759,,0.2699466347694397,,,,,
3,,10779,,0.313430517911911,,,,,
3,,10799,,0.24487081170082092,,,,,
3,,10819,,0.2924295961856842,,,,,
3,,10839,,0.2487780600786209,,,,,
3,,10859,,0.2828851044178009,,,,,
3,,10879,,0.2816261649131775,,,,,
3,,10899,,0.3646077513694763,,,,,
3,,10919,,0.28811484575271606,,,,,
3,,10939,,0.28265872597694397,,,,,
3,,10959,,0.290646493434906,,,,,
3,,10979,,0.24261188507080078,,,,,
3,,10999,,0.28660956025123596,,,,,
3,,11019,,0.30867958068847656,,,,,
3,,11039,,0.29764148592948914,,,,,
3,,11059,,0.2841108739376068,,,,,
3,,11079,,0.3079044222831726,,,,,
3,,11099,,0.252633273601532,,,,,
3,,11119,,0.28741374611854553,,,,,
3,,11139,,0.2661750912666321,,,,,
3,,11159,,0.26557666063308716,,,,,
3,,11179,,0.2823330760002136,,,,,
3,,11199,,0.28956156969070435,,,,,
3,,11219,,0.24265924096107483,,,,,
3,,11239,,0.3077241778373718,,,,,
3,,11259,,0.2596842348575592,,,,,
3,,11279,,0.2955341339111328,,,,,
3,,11299,,0.26231223344802856,,,,,
3,,11319,,0.26941215991973877,,,,,
3,,11339,,0.2836175560951233,,,,,
3,,11359,,0.24358466267585754,,,,,
3,,11379,,0.3004313111305237,,,,,
3,,11399,,0.28675326704978943,,,,,
3,,11419,,0.2587120532989502,,,,,
3,,11439,,0.2705565392971039,,,,,
3,,11447,,,0.9280373454093933,6079314.0,0.9928808808326721,2.115257501602173,0.5342355966567993
3,,11447,0.28448328375816345,,,,,,
,0.001,11448,,,,,,,
4,,11459,,0.26345565915107727,,,,,
4,,11479,,0.248498797416687,,,,,
4,,11499,,0.2934627830982208,,,,,
4,,11519,,0.3149724006652832,,,,,
4,,11539,,0.28124260902404785,,,,,
4,,11559,,0.2794782519340515,,,,,
4,,11579,,0.2422608882188797,,,,,
4,,11599,,0.2597530484199524,,,,,
4,,11619,,0.25273311138153076,,,,,
4,,11639,,0.2827427387237549,,,,,
4,,11659,,0.2468869984149933,,,,,
4,,11679,,0.26732414960861206,,,,,
4,,11699,,0.3252035975456238,,,,,
4,,11719,,0.28924036026000977,,,,,
4,,11739,,0.25266939401626587,,,,,
4,,11759,,0.29800400137901306,,,,,
4,,11779,,0.26920992136001587,,,,,
4,,11799,,0.24130089581012726,,,,,
4,,11819,,0.26666778326034546,,,,,
4,,11839,,0.2756245732307434,,,,,
4,,11859,,0.2675527036190033,,,,,
4,,11879,,0.27866554260253906,,,,,
4,,11899,,0.31151729822158813,,,,,
4,,11919,,0.21123859286308289,,,,,
4,,11939,,0.2501392960548401,,,,,
4,,11959,,0.2943302094936371,,,,,
4,,11979,,0.25385862588882446,,,,,
4,,11999,,0.24937069416046143,,,,,
4,,12019,,0.23721925914287567,,,,,
4,,12039,,0.277566134929657,,,,,
4,,12059,,0.271668940782547,,,,,
4,,12079,,0.25916019082069397,,,,,
4,,12099,,0.2451290786266327,,,,,
4,,12119,,0.2677547037601471,,,,,
4,,12139,,0.25313276052474976,,,,,
4,,12159,,0.29114818572998047,,,,,
4,,12179,,0.24772286415100098,,,,,
4,,12199,,0.2566215395927429,,,,,
4,,12219,,0.30066466331481934,,,,,
4,,12239,,0.2734054923057556,,,,,
4,,12259,,0.24330739676952362,,,,,
4,,12279,,0.3080251216888428,,,,,
4,,12299,,0.24815049767494202,,,,,
4,,12319,,0.27590006589889526,,,,,
4,,12339,,0.26559796929359436,,,,,
4,,12359,,0.3006092607975006,,,,,
4,,12379,,0.28584542870521545,,,,,
4,,12399,,0.2628210186958313,,,,,
4,,12419,,0.29977354407310486,,,,,
4,,12439,,0.22575147449970245,,,,,
4,,12459,,0.2872479557991028,,,,,
4,,12479,,0.25782519578933716,,,,,
4,,12499,,0.23004698753356934,,,,,
4,,12519,,0.28256210684776306,,,,,
4,,12539,,0.25879180431365967,,,,,
4,,12559,,0.29287558794021606,,,,,
4,,12579,,0.2581661343574524,,,,,
4,,12599,,0.25233206152915955,,,,,
4,,12619,,0.22704172134399414,,,,,
4,,12639,,0.26772236824035645,,,,,
4,,12659,,0.2898504436016083,,,,,
4,,12679,,0.2304716408252716,,,,,
4,,12699,,0.2798880636692047,,,,,
4,,12719,,0.2866528332233429,,,,,
4,,12739,,0.2821256220340729,,,,,
4,,12759,,0.25305119156837463,,,,,
4,,12779,,0.28019171953201294,,,,,
4,,12799,,0.2743806838989258,,,,,
4,,12819,,0.3193085789680481,,,,,
4,,12839,,0.2683584690093994,,,,,
4,,12859,,0.28706780076026917,,,,,
4,,12879,,0.29313626885414124,,,,,
4,,12899,,0.34989339113235474,,,,,
4,,12919,,0.24110360443592072,,,,,
4,,12939,,0.2556835114955902,,,,,
4,,12959,,0.24446912109851837,,,,,
4,,12979,,0.27932828664779663,,,,,
4,,12999,,0.27590489387512207,,,,,
4,,13019,,0.2766171097755432,,,,,
4,,13039,,0.2905268371105194,,,,,
4,,13059,,0.26787471771240234,,,,,
4,,13079,,0.26018860936164856,,,,,
4,,13099,,0.23988719284534454,,,,,
4,,13119,,0.2415580451488495,,,,,
4,,13139,,0.3226715922355652,,,,,
4,,13159,,0.26606041193008423,,,,,
4,,13179,,0.2524680495262146,,,,,
4,,13199,,0.3041002154350281,,,,,
4,,13219,,0.2212567776441574,,,,,
4,,13239,,0.25767794251441956,,,,,
4,,13259,,0.2750228941440582,,,,,
4,,13279,,0.2676178812980652,,,,,
4,,13299,,0.29073062539100647,,,,,
4,,13319,,0.2546130120754242,,,,,
4,,13339,,0.23311853408813477,,,,,
4,,13359,,0.2868669629096985,,,,,
4,,13379,,0.2291444092988968,,,,,
4,,13399,,0.26827239990234375,,,,,
4,,13419,,0.28288668394088745,,,,,
4,,13439,,0.2748558223247528,,,,,
4,,13459,,0.2606881260871887,,,,,
4,,13479,,0.27379465103149414,,,,,
4,,13499,,0.26536431908607483,,,,,
4,,13519,,0.20977182686328888,,,,,
4,,13539,,0.2603124678134918,,,,,
4,,13559,,0.27876144647598267,,,,,
4,,13579,,0.23847255110740662,,,,,
4,,13599,,0.269281804561615,,,,,
4,,13619,,0.255361944437027,,,,,
4,,13639,,0.21940977871418,,,,,
4,,13659,,0.2644641697406769,,,,,
4,,13679,,0.254708856344223,,,,,
4,,13699,,0.27548933029174805,,,,,
4,,13719,,0.26944926381111145,,,,,
4,,13739,,0.2435598373413086,,,,,
4,,13759,,0.30896949768066406,,,,,
4,,13779,,0.2826262414455414,,,,,
4,,13799,,0.25956088304519653,,,,,
4,,13819,,0.2968415319919586,,,,,
4,,13839,,0.25205114483833313,,,,,
4,,13859,,0.2866407334804535,,,,,
4,,13879,,0.27579793334007263,,,,,
4,,13899,,0.26882195472717285,,,,,
4,,13919,,0.24920205771923065,,,,,
4,,13939,,0.24107274413108826,,,,,
4,,13959,,0.2670336663722992,,,,,
4,,13979,,0.26461344957351685,,,,,
4,,13999,,0.28622356057167053,,,,,
4,,14019,,0.2639634609222412,,,,,
4,,14039,,0.24572929739952087,,,,,
4,,14059,,0.2645801603794098,,,,,
4,,14079,,0.2930837571620941,,,,,
4,,14099,,0.2830210328102112,,,,,
4,,14119,,0.31528496742248535,,,,,
4,,14139,,0.24078507721424103,,,,,
4,,14159,,0.2340898960828781,,,,,
4,,14179,,0.2663375437259674,,,,,
4,,14199,,0.2507236897945404,,,,,
4,,14219,,0.24348708987236023,,,,,
4,,14239,,0.2617036700248718,,,,,
4,,14259,,0.2742922008037567,,,,,
4,,14279,,0.30933651328086853,,,,,
4,,14299,,0.21586668491363525,,,,,
4,,14309,,,0.8804369568824768,6359826.0,0.961783766746521,1.957765817642212,0.5086106657981873
4,,14309,0.2647274434566498,,,,,,
,0.001,14310,,,,,,,
5,,14319,,0.26732176542282104,,,,,
5,,14339,,0.25594982504844666,,,,,
5,,14359,,0.25534340739250183,,,,,
5,,14379,,0.2518199682235718,,,,,
5,,14399,,0.2212982177734375,,,,,
5,,14419,,0.2509126365184784,,,,,
5,,14439,,0.2813481390476227,,,,,
5,,14459,,0.23831725120544434,,,,,
5,,14479,,0.27937155961990356,,,,,
5,,14499,,0.24990029633045197,,,,,
5,,14519,,0.23514500260353088,,,,,
5,,14539,,0.25172561407089233,,,,,
5,,14559,,0.22556456923484802,,,,,
5,,14579,,0.23166009783744812,,,,,
5,,14599,,0.24813470244407654,,,,,
5,,14619,,0.3051697611808777,,,,,
5,,14639,,0.21561875939369202,,,,,
5,,14659,,0.27595219016075134,,,,,
5,,14679,,0.25418540835380554,,,,,
5,,14699,,0.22109420597553253,,,,,
5,,14719,,0.25959452986717224,,,,,
5,,14739,,0.29156818985939026,,,,,
5,,14759,,0.22172710299491882,,,,,
5,,14779,,0.22772395610809326,,,,,
5,,14799,,0.27398568391799927,,,,,
5,,14819,,0.27412161231040955,,,,,
5,,14839,,0.2769882380962372,,,,,
5,,14859,,0.25156572461128235,,,,,
5,,14879,,0.28177204728126526,,,,,
5,,14899,,0.24636903405189514,,,,,
5,,14919,,0.2938324809074402,,,,,
5,,14939,,0.22975516319274902,,,,,
5,,14959,,0.21531137824058533,,,,,
5,,14979,,0.2483747899532318,,,,,
5,,14999,,0.2747836112976074,,,,,
5,,15019,,0.2660381495952606,,,,,
5,,15039,,0.28765636682510376,,,,,
5,,15059,,0.21472474932670593,,,,,
5,,15079,,0.27489811182022095,,,,,
5,,15099,,0.24928656220436096,,,,,
5,,15119,,0.26581254601478577,,,,,
5,,15139,,0.2513752579689026,,,,,
5,,15159,,0.26053518056869507,,,,,
5,,15179,,0.25491204857826233,,,,,
5,,15199,,0.26511308550834656,,,,,
5,,15219,,0.27065443992614746,,,,,
5,,15239,,0.22467508912086487,,,,,
5,,15259,,0.23508517444133759,,,,,
5,,15279,,0.26265066862106323,,,,,
5,,15299,,0.27996519207954407,,,,,
5,,15319,,0.25572699308395386,,,,,
5,,15339,,0.24276065826416016,,,,,
5,,15359,,0.23860378563404083,,,,,
5,,15379,,0.2668174207210541,,,,,
5,,15399,,0.2360566109418869,,,,,
5,,15419,,0.2626582980155945,,,,,
5,,15439,,0.2540166974067688,,,,,
5,,15459,,0.22775718569755554,,,,,
5,,15479,,0.2308247983455658,,,,,
5,,15499,,0.24647006392478943,,,,,
5,,15519,,0.235028937458992,,,,,
5,,15539,,0.26262301206588745,,,,,
5,,15559,,0.2175387442111969,,,,,
5,,15579,,0.264958918094635,,,,,
5,,15599,,0.28060752153396606,,,,,
5,,15619,,0.22334685921669006,,,,,
5,,15639,,0.2644956111907959,,,,,
5,,15659,,0.20335575938224792,,,,,
5,,15679,,0.259553998708725,,,,,
5,,15699,,0.29245954751968384,,,,,
5,,15719,,0.25918278098106384,,,,,
5,,15739,,0.2520584464073181,,,,,
5,,15759,,0.25749140977859497,,,,,
5,,15779,,0.26553645730018616,,,,,
5,,15799,,0.23008275032043457,,,,,
5,,15819,,0.24295170605182648,,,,,
5,,15839,,0.27906736731529236,,,,,
5,,15859,,0.22592821717262268,,,,,
5,,15879,,0.22135591506958008,,,,,
5,,15899,,0.21485912799835205,,,,,
5,,15919,,0.24683555960655212,,,,,
5,,15939,,0.2575377821922302,,,,,
5,,15959,,0.29366326332092285,,,,,
5,,15979,,0.2539117932319641,,,,,
5,,15999,,0.2646559774875641,,,,,
5,,16019,,0.2618461549282074,,,,,
5,,16039,,0.2564700245857239,,,,,
5,,16059,,0.2460143119096756,,,,,
5,,16079,,0.24511894583702087,,,,,
5,,16099,,0.26549527049064636,,,,,
5,,16119,,0.21952614188194275,,,,,
5,,16139,,0.28705576062202454,,,,,
5,,16159,,0.22368648648262024,,,,,
5,,16179,,0.24847200512886047,,,,,
5,,16199,,0.23999705910682678,,,,,
5,,16219,,0.28225111961364746,,,,,
5,,16239,,0.24203510582447052,,,,,
5,,16259,,0.2967700660228729,,,,,
5,,16279,,0.25578197836875916,,,,,
5,,16299,,0.2049519568681717,,,,,
5,,16319,,0.22146908938884735,,,,,
5,,16339,,0.2734844982624054,,,,,
5,,16359,,0.25037094950675964,,,,,
5,,16379,,0.2333049327135086,,,,,
5,,16399,,0.23109617829322815,,,,,
5,,16419,,0.2485557496547699,,,,,
5,,16439,,0.24847355484962463,,,,,
5,,16459,,0.2373429834842682,,,,,
5,,16479,,0.23289480805397034,,,,,
5,,16499,,0.20738539099693298,,,,,
5,,16519,,0.26342296600341797,,,,,
5,,16539,,0.21643519401550293,,,,,
5,,16559,,0.2455586940050125,,,,,
5,,16579,,0.25436824560165405,,,,,
5,,16599,,0.21622753143310547,,,,,
5,,16619,,0.24796852469444275,,,,,
5,,16639,,0.2470698356628418,,,,,
5,,16659,,0.2727683484554291,,,,,
5,,16679,,0.2565668523311615,,,,,
5,,16699,,0.23944076895713806,,,,,
5,,16719,,0.2495230883359909,,,,,
5,,16739,,0.23419609665870667,,,,,
5,,16759,,0.2711154818534851,,,,,
5,,16779,,0.2640247941017151,,,,,
5,,16799,,0.23976477980613708,,,,,
5,,16819,,0.24027183651924133,,,,,
5,,16839,,0.262299120426178,,,,,
5,,16859,,0.26797381043434143,,,,,
5,,16879,,0.22207292914390564,,,,,
5,,16899,,0.24058184027671814,,,,,
5,,16919,,0.23441815376281738,,,,,
5,,16939,,0.25042590498924255,,,,,
5,,16959,,0.21611681580543518,,,,,
5,,16979,,0.22807498276233673,,,,,
5,,16999,,0.22083532810211182,,,,,
5,,17019,,0.2315290868282318,,,,,
5,,17039,,0.2587038576602936,,,,,
5,,17059,,0.2407759428024292,,,,,
5,,17079,,0.23163452744483948,,,,,
5,,17099,,0.28840917348861694,,,,,
5,,17119,,0.24406488239765167,,,,,
5,,17139,,0.24196910858154297,,,,,
5,,17159,,0.22605285048484802,,,,,
5,,17171,,,0.8766346573829651,7955542.0,0.9635592103004456,1.8434841632843018,0.5013548135757446
5,,17171,0.25078535079956055,,,,,,
,0.0005,17172,,,,,,,
6,,17179,,0.2500835359096527,,,,,
6,,17199,,0.22793607413768768,,,,,
6,,17219,,0.20884832739830017,,,,,
6,,17239,,0.24411025643348694,,,,,
6,,17259,,0.2288830280303955,,,,,
6,,17279,,0.2526552379131317,,,,,
6,,17299,,0.24019554257392883,,,,,
6,,17319,,0.2336554229259491,,,,,
6,,17339,,0.2236633598804474,,,,,
6,,17359,,0.21334028244018555,,,,,
6,,17379,,0.22879433631896973,,,,,
6,,17399,,0.219339057803154,,,,,
6,,17419,,0.244147390127182,,,,,
6,,17439,,0.26410403847694397,,,,,
6,,17459,,0.21660380065441132,,,,,
6,,17479,,0.23862195014953613,,,,,
6,,17499,,0.24675998091697693,,,,,
6,,17519,,0.20741061866283417,,,,,
6,,17539,,0.2323043793439865,,,,,
6,,17559,,0.24333754181861877,,,,,
6,,17579,,0.21748748421669006,,,,,
6,,17599,,0.21080422401428223,,,,,
6,,17619,,0.24574074149131775,,,,,
6,,17639,,0.24391451478004456,,,,,
6,,17659,,0.20140953361988068,,,,,
6,,17679,,0.2525053918361664,,,,,
6,,17699,,0.21636497974395752,,,,,
6,,17719,,0.19169388711452484,,,,,
6,,17739,,0.2706174850463867,,,,,
6,,17759,,0.23900242149829865,,,,,
6,,17779,,0.21943986415863037,,,,,
6,,17799,,0.25134333968162537,,,,,
6,,17819,,0.2314925491809845,,,,,
6,,17839,,0.23812027275562286,,,,,
6,,17859,,0.22000622749328613,,,,,
6,,17879,,0.18640103936195374,,,,,
6,,17899,,0.21825425326824188,,,,,
6,,17919,,0.2331649363040924,,,,,
6,,17939,,0.23681692779064178,,,,,
6,,17959,,0.2424650937318802,,,,,
6,,17979,,0.22297915816307068,,,,,
6,,17999,,0.22669394314289093,,,,,
6,,18019,,0.2484336644411087,,,,,
6,,18039,,0.22753334045410156,,,,,
6,,18059,,0.24715328216552734,,,,,
6,,18079,,0.22206349670886993,,,,,
6,,18099,,0.2234538495540619,,,,,
6,,18119,,0.24661798775196075,,,,,
6,,18139,,0.20255009829998016,,,,,
6,,18159,,0.24449124932289124,,,,,
6,,18179,,0.21397936344146729,,,,,
6,,18199,,0.2422678917646408,,,,,
6,,18219,,0.21990594267845154,,,,,
6,,18239,,0.206361323595047,,,,,
6,,18259,,0.27233293652534485,,,,,
6,,18279,,0.2241773158311844,,,,,
6,,18299,,0.23006239533424377,,,,,
6,,18319,,0.21272988617420197,,,,,
6,,18339,,0.24769993126392365,,,,,
6,,18359,,0.19709278643131256,,,,,
6,,18379,,0.2513403594493866,,,,,
6,,18399,,0.2186221182346344,,,,,
6,,18419,,0.2299138605594635,,,,,
6,,18439,,0.22578644752502441,,,,,
6,,18459,,0.25784724950790405,,,,,
6,,18479,,0.2628214955329895,,,,,
6,,18499,,0.24125275015830994,,,,,
6,,18519,,0.22263681888580322,,,,,
6,,18539,,0.19656780362129211,,,,,
6,,18559,,0.20399746298789978,,,,,
6,,18579,,0.21986234188079834,,,,,
6,,18599,,0.20099496841430664,,,,,
6,,18619,,0.2438511848449707,,,,,
6,,18639,,0.19893436133861542,,,,,
6,,18659,,0.2297004908323288,,,,,
6,,18679,,0.2100343406200409,,,,,
6,,18699,,0.24560733139514923,,,,,
6,,18719,,0.23388326168060303,,,,,
6,,18739,,0.22410793602466583,,,,,
6,,18759,,0.201481893658638,,,,,
6,,18779,,0.213566392660141,,,,,
6,,18799,,0.25120431184768677,,,,,
6,,18819,,0.237735778093338,,,,,
6,,18839,,0.23393380641937256,,,,,
6,,18859,,0.22466504573822021,,,,,
6,,18879,,0.20158080756664276,,,,,
6,,18899,,0.2349708080291748,,,,,
6,,18919,,0.18664231896400452,,,,,
6,,18939,,0.19931581616401672,,,,,
6,,18959,,0.21702799201011658,,,,,
6,,18979,,0.19707851111888885,,,,,
6,,18999,,0.2319025993347168,,,,,
6,,19019,,0.2408709079027176,,,,,
6,,19039,,0.2457551211118698,,,,,
6,,19059,,0.2227172553539276,,,,,
6,,19079,,0.22227735817432404,,,,,
6,,19099,,0.25275689363479614,,,,,
6,,19119,,0.22284841537475586,,,,,
6,,19139,,0.240834042429924,,,,,
6,,19159,,0.24438223242759705,,,,,
6,,19179,,0.25768494606018066,,,,,
6,,19199,,0.19395288825035095,,,,,
6,,19219,,0.20967820286750793,,,,,
6,,19239,,0.19680604338645935,,,,,
6,,19259,,0.2455974519252777,,,,,
6,,19279,,0.21828632056713104,,,,,
6,,19299,,0.21154065430164337,,,,,
6,,19319,,0.2252488136291504,,,,,
6,,19339,,0.2593783438205719,,,,,
6,,19359,,0.26108312606811523,,,,,
6,,19379,,0.21558451652526855,,,,,
6,,19399,,0.23204831779003143,,,,,
6,,19419,,0.24495358765125275,,,,,
6,,19439,,0.19684401154518127,,,,,
6,,19459,,0.2254193127155304,,,,,
6,,19479,,0.22268728911876678,,,,,
6,,19499,,0.22646017372608185,,,,,
6,,19519,,0.20829081535339355,,,,,
6,,19539,,0.22981910407543182,,,,,
6,,19559,,0.2034449279308319,,,,,
6,,19579,,0.24152663350105286,,,,,
6,,19599,,0.23699435591697693,,,,,
6,,19619,,0.23756222426891327,,,,,
6,,19639,,0.2325279712677002,,,,,
6,,19659,,0.19303110241889954,,,,,
6,,19679,,0.20629934966564178,,,,,
6,,19699,,0.23788197338581085,,,,,
6,,19719,,0.22269491851329803,,,,,
6,,19739,,0.22950179874897003,,,,,
6,,19759,,0.25406086444854736,,,,,
6,,19779,,0.19672970473766327,,,,,
6,,19799,,0.20465299487113953,,,,,
6,,19819,,0.2045668363571167,,,,,
6,,19839,,0.24444475769996643,,,,,
6,,19859,,0.22694364190101624,,,,,
6,,19879,,0.2055012732744217,,,,,
6,,19899,,0.19977469742298126,,,,,
6,,19919,,0.21223096549510956,,,,,
6,,19939,,0.24656467139720917,,,,,
6,,19959,,0.2420056313276291,,,,,
6,,19979,,0.17761987447738647,,,,,
6,,19999,,0.22230538725852966,,,,,
6,,20019,,0.23320135474205017,,,,,
6,,20033,,,0.8771975040435791,6709293.5,0.9569464325904846,1.661673903465271,0.5252910852432251
6,,20033,0.2274545431137085,,,,,,
